PRODUTO;NOME_GENERICO;NOME_MEDICAMENTO;QUANTIDADE;FAIXA_ETARIA;REG_INFARMED;AREA_TERAPEUTICA;LOTE;Dosagem;TEMPERATURA;PRECO;ADMINISTRACAO;RECEITA;GENERICO;FORMATO
1;"Heparinoide""""";Hemeran Gel;12;6;498461729;2;;10 mg/g;0;106,00;4;0;0;86
2;"Heparinoide""""";Hirudoid;8;3;454651311;11;;3 mg/g;3;39,00;1;0;0;67
3;"Heparinoide""""";Hirudoid;14;3;438389597;16;;3 mg/g;2;150,00;7;0;0;86
4;Abacavir;Ziagen;1;7;495314312;8;;300 mg;2;4,00;2;0;0;56
5;Abacavir;Ziagen;9;4;467996727;20;;20 mg/ml;7;119,00;13;0;0;180
6;Abacavir + Lamivudina;Kivexa;8;4;429267035;2;;600 mg + 300 mg;7;94,00;2;0;0;56
7;Abacavir + Lamivudina + Zidovudina;Trizivir;7;6;643243198;14;;300 mg + 150 mg + 300 mg;5;137,00;2;0;0;56
8;Abatacept;Orencia;1;9;709941543;6;;250 mg;2;50,00;11;0;0;149
9;Abciximab;Reopro;5;2;208380610;13;;10 mg/5 ml;3;118,00;7;0;0;177
10;Acamprosato;Campral;14;2;266162204;0;;333 mg;1;54,00;2;0;0;50
11;Acarbose;Acarbose Alsucril;15;9;93342294;19;;100 mg;4;26,00;2;1;1;41
12;Acarbose;Acarbose Alsucril;11;7;716045338;13;;50 mg;4;73,00;2;1;1;41
13;Acarbose;Acarbose Bakuk;5;1;495217108;4;;100 mg;3;41,00;2;1;1;41
14;Acarbose;Acarbose Bakuk;11;6;965032065;12;;50 mg;4;87,00;2;1;1;41
15;Acarbose;Acarbose Blixie;12;1;591052591;7;;100 mg;2;149,00;2;0;0;41
16;Acarbose;Acarbose Blixie;13;5;330238944;0;;50 mg;4;59,00;2;0;0;41
17;Acarbose;Acarbose Bluecose;8;1;828238991;5;;100 mg;2;17,00;2;1;1;41
18;Acarbose;Acarbose Bluecose;14;10;864477298;18;;50 mg;2;108,00;2;1;1;41
19;Acarbose;Acarbose Bluepharma;7;7;887652687;17;;100 mg;3;148,00;2;1;1;41
20;Acarbose;Acarbose Bluepharma;7;10;219082300;5;;50 mg;1;5,00;2;1;1;41
21;Acarbose;Acarbose Establix;4;4;866287329;0;;100 mg;4;102,00;2;1;1;41
22;Acarbose;Acarbose Establix;5;5;871596484;19;;50 mg;3;34,00;2;1;1;41
23;Acarbose;Acarbose Farmoz;15;4;241226389;2;;100 mg;7;109,00;2;1;1;41
24;Acarbose;Acarbose Farmoz;14;0;753117925;18;;50 mg;2;103,00;2;1;1;41
25;Acarbose;Acarbose Generis;9;9;890942929;13;;100 mg;5;106,00;2;1;1;41
26;Acarbose;Acarbose Generis;13;2;10858142;11;;50 mg;4;56,00;2;1;1;41
27;Acarbose;Acarbose Green Avet;14;6;453975661;0;;100 mg;1;32,00;2;1;1;41
28;Acarbose;Acarbose Green Avet;15;1;443784104;6;;50 mg;7;96,00;2;1;1;41
29;Acarbose;Acarbose J. Neves;11;11;224630327;4;;100 mg;7;49,00;2;1;1;41
30;Acarbose;Acarbose J. Neves;2;3;540176879;20;;50 mg;4;108,00;2;1;1;41
31;Acarbose;Acarbose Labesfal;13;3;890315388;2;;100 mg;0;147,00;2;1;1;41
32;Acarbose;Acarbose Labesfal;6;10;524500120;13;;50 mg;6;115,00;2;1;1;41
33;Acarbose;Acarbose Linacal;9;3;447010199;10;;100 mg;3;41,00;2;1;1;41
34;Acarbose;Acarbose Linacal;1;4;501807171;20;;50 mg;4;25,00;2;1;1;41
35;Acarbose;Acarbose Mylan;5;3;87786622;1;;100 mg;1;1,00;2;1;1;41
36;Acarbose;Acarbose Mylan;1;9;300397944;11;;50 mg;7;85,00;2;1;1;41
37;Acarbose;Acarbose Satoxi;9;7;861846887;19;;100 mg;3;14,00;2;0;0;41
38;Acarbose;Acarbose Satoxi;2;8;144609565;12;;50 mg;3;40,00;2;0;0;41
39;Acarbose;Acarbose Strami;8;3;82626360;9;;100 mg;5;103,00;2;0;0;41
40;Acarbose;Acarbose Strami;5;7;701792093;15;;50 mg;5;78,00;2;0;0;41
41;Acarbose;Glucobay;14;6;871768556;20;;100 mg;1;9,00;2;0;0;41
42;Acarbose;Glucobay;8;1;289862298;4;;50 mg;4;19,00;2;0;0;41
43;Acebutolol;Prent;8;7;561560295;16;;200 mg;0;36,00;2;0;0;41
44;Aceclofenac;Aceclofenac Alter 100 mg Comprimidos;5;3;436728503;11;;100 mg;2;64,00;2;1;1;56
45;Aceclofenac;Aceclofenac Anova 100 mg Comprimidos;15;0;405974657;9;;100 mg;6;34,00;2;1;1;56
46;Aceclofenac;Aceclofenac Ciclum 100 mg Comprimidos;5;0;839562979;0;;100 mg;3;16,00;2;1;1;56
47;Aceclofenac;Aceclofenac Ecloare;11;3;454502629;12;;100 mg;7;30,00;2;1;1;56
48;Aceclofenac;Aceclofenac Generis 100 mg Comprimidos;5;3;843343494;1;;100 mg;6;1,00;2;1;1;56
49;Aceclofenac;Aceclofenac Mylan;11;11;385792226;20;;100 mg;1;23,00;2;1;1;56
50;Aceclofenac;Aceclofenac Normon;14;6;868542156;20;;100 mg;6;20,00;2;1;1;56
51;Aceclofenac;Aceclofenac Ratiopharm;6;6;512917354;11;;100 mg;6;72,00;2;1;1;56
52;Aceclofenac;Airtal;11;9;281943223;1;;100 mg;5;18,00;2;0;0;56
53;Aceclofenac;Airtal;6;11;182396857;12;;100 mg;7;66,00;10;0;0;162
54;Aceclofenac;Airtal Difucreme;12;4;384177930;1;;15 mg/g;0;8,00;1;0;0;67
55;Aceclofenac;Biofenac;14;10;284011624;12;;100 mg;4;1,00;2;0;0;56
56;Aceclofenac;Biofenac;5;2;19730274;19;;15 mg/g;4;49,00;1;0;0;67
57;Aceclofenac;Biofenac;10;9;792099020;13;;100 mg;2;9,00;9;0;0;162
58;Aceglumato de deanol + Heptaminol;Forticol;9;11;570615262;9;;230 mg/10 ml + 180 mg/10 ml;6;38,00;3;0;0;180
59;Acemetacina;Rantudil;11;9;940164190;2;;60 mg;7;66,00;2;0;0;28
60;Acemetacina;Rantudil 90 Retard;5;7;896738026;1;;90 mg;5;116,00;2;0;0;30
61;Acenocumarol;Sintrom;6;0;758027617;16;;4 mg;5;30,00;2;0;0;41
62;Aceponato de metilprednisolona;Advantan;1;6;400475629;19;;1 mg/g;6;131,00;1;0;0;67
63;Aceponato de metilprednisolona;Advantan;2;0;679529888;10;;1 mg/g;1;84,00;5;0;0;73
64;Aceponato de metilprednisolona;Advantan;10;8;171670056;20;;1 mg/g;5;69,00;2;0;0;165
65;Aceponato de metilprednisolona;Advantan;7;10;798707220;15;;1 mg/ml;6;26,00;2;0;0;173
66;Acetato de calcio;Acetato de calcio Renacare;2;1;608747079;16;;475 mg;7;5,00;2;0;0;56
67;Acetato de calcio;Acetato de calcio Renacare;6;9;853552817;3;;950 mg;4;150,00;2;0;0;56
68;Acetato de calcio;Phosphosorb;2;11;469679348;17;;660 mg;5;80,00;2;0;0;56
69;Acetato de calcio + Carbonato de magnesio;Osvaren;10;6;3430220;12;;110 mg + 60 mg;1;143,00;2;0;0;56
70;Acetato de eslicarbazepina;Exalief;6;6;118537688;16;;400 mg;0;43,00;2;0;0;41
71;Acetato de eslicarbazepina;Exalief;7;2;872855508;10;;600 mg;0;112,00;2;0;0;41
72;Acetato de eslicarbazepina;Exalief;3;1;69191471;14;;800 mg;0;30,00;2;0;0;41
73;Acetato de eslicarbazepina;Zebinix;12;2;527164194;20;;400 mg;1;107,00;2;0;0;41
74;Acetato de eslicarbazepina;Zebinix;1;5;556828795;1;;600 mg;1;100,00;2;0;0;41
75;Acetato de eslicarbazepina;Zebinix;14;7;531713749;10;;800 mg;3;31,00;2;0;0;41
76;Acetato de glatiramero;Copaxone;3;2;451137677;6;;20 mg/1 ml;2;30,00;1;0;0;177
77;Acetato de potassio;Acetato de Potassio;12;11;444284798;11;;99 mg/ml;3;6,00;7;0;0;177
78;Acetato de zinco;Wilzin;10;7;302893422;19;;25 mg;6;69,00;2;0;0;28
79;Acetato de zinco;Wilzin;6;1;495373476;7;;50 mg;7;93,00;2;0;0;28
80;Acetazolamida;Carbinib;1;11;96442904;14;;250 mg;5;145,00;2;0;0;41
81;Acetazolamida;Carbinib R;10;9;324926615;14;;500 mg;2;10,00;2;0;0;28
82;Acetilcisteina;Acetilcisteina Azevedos;5;10;380924274;2;;600 mg;0;117,00;2;1;1;49
83;Acetilcisteina;Acetilcisteina Bluval 200 mg Comprimidos dispersiveis;7;5;130403836;16;;200 mg;1;146,00;2;1;1;47
84;Acetilcisteina;Acetilcisteina Bluval 300 mg/3 ml Solucao Injectavel;15;7;246537741;13;;300 mg/3 ml;0;141,00;7;1;1;177
85;Acetilcisteina;Acetilcisteina Bluval 600 mg Comprimidos efervescentes;9;1;343741545;9;;600 mg;0;45,00;2;1;1;49
86;Acetilcisteina;Acetilcisteina Generis;12;6;180585927;1;;200 mg;5;42,00;2;1;1;49
87;Acetilcisteina;Acetilcisteina Generis;3;11;856844475;4;;600 mg;0;21,00;2;1;1;49
88;Acetilcisteina;Acetilcisteina Linha da Frente 300 mg/3 ml Solucao injectavel;12;7;786995780;2;;300 mg/3 ml;1;74,00;6;1;1;177
89;Acetilcisteina;Acetilcisteina Normal;15;1;229499855;19;;200 mg;2;6,00;2;1;1;47
90;Acetilcisteina;Acetilcisteina Normal;7;8;903173822;4;;600 mg;6;112,00;2;1;1;49
91;Acetilcisteina;Acetilcisteina Pharmakern;6;11;554955124;3;;600 mg;0;27,00;2;1;1;49
92;Acetilcisteina;Acetilcisteina Sandoz;9;6;344829132;7;;200 mg;7;33,00;2;1;1;47
93;Acetilcisteina;Acetilcisteina Sandoz;6;7;37362267;5;;600 mg;6;34,00;2;1;1;49
94;Acetilcisteina;Acetilcisteina Sandoz;9;4;532193742;20;;300 mg/3 ml;5;70,00;7;1;1;177
95;Acetilcisteina;Acetilcisteina ToLife;12;3;554819698;1;;200 mg;4;146,00;2;1;1;49
96;Acetilcisteina;Acetilcisteina ToLife;15;8;599311970;9;;600 mg;4;31,00;2;1;1;49
97;Acetilcisteina;Cêtussin;12;11;219737181;6;;600 mg;6;92,00;12;0;0;109
98;Acetilcisteina;Fluimucil;14;3;22327704;4;;600 mg;5;57,00;2;0;0;49
99;Acetilcisteina;Fluimucil;9;3;908547185;19;;100 mg;7;51,00;5;0;0;112
100;Acetilcisteina;Fluimucil;8;0;738105703;2;;200 mg;2;34,00;11;0;0;112
101;Acetilcisteina;Fluimucil;3;0;260204407;4;;300 mg/3 ml;2;22,00;1;0;0;177
102;Acetilcisteina;Fluimucil 2% Solucao Oral;2;8;48952529;15;;20 mg/ml;2;81,00;8;0;0;180
103;Acetilcisteina;Fluimucil 20%;6;9;892792683;13;;2000 mg/10 ml;7;58,00;13;0;0;177
104;Acetilcisteina;Fluimucil 200 mg Comprimidos Dispersiveis;9;9;706080868;16;;200 mg;4;137,00;2;0;0;47
105;Acetilcisteina;Fluimucil 4% Solucao Oral;14;0;158414013;5;;40 mg/ml;4;81,00;6;0;0;180
106;Acetilcisteina;Pulmosal;3;6;667510932;16;;200 mg;2;119,00;2;0;0;49
107;Acetilcisteina;Rinofluimucil;10;0;27151422;10;;10 mg/ml;3;2,00;10;0;0;102
108;Acetilcisteina;Tirocular;5;9;998071440;7;;40 mg/ml;6;75,00;5;0;0;39
109;Acetilsalicilato de lisina;Acetilsalicilato de Lisina Labesfal 1800mg Po e Solvente para Solucao Injectavel;6;1;428405082;4;;1800 mg/5 ml;2;137,00;8;1;1;137
110;Acetilsalicilato de lisina;Acetilsalicilato de Lisina Labesfal 900 mg Po e Solvente para Solucao Injectavel;3;2;732717546;15;;900 mg/5 ml;2;74,00;13;1;1;137
111;Acetilsalicilato de lisina;Aspegic;10;5;522110691;6;;1800 mg/5 ml;0;101,00;2;0;0;137
112;Acetilsalicilato de lisina;Aspegic;2;5;244143164;16;;900 mg/5 ml;2;150,00;1;0;0;137
113;Acetilsalicilato de lisina;Aspegic;15;1;861549969;4;;1800 mg;6;22,00;12;0;0;155
114;Acetilsalicilato de lisina;Aspegic 100;8;8;273649814;6;;180 mg;6;127,00;14;0;0;157
115;Acetilsalicilato de lisina;Aspegic 1000;7;9;532644652;16;;1800 mg;7;116,00;7;0;0;157
116;Acetilsalicilato de lisina;Aspegic 250;13;11;576886944;8;;450 mg;1;149,00;12;0;0;157
117;Acetilsalicilato de lisina;Aspegic 500;1;11;853718482;19;;900 mg;3;53,00;2;0;0;157
118;Acetilsalicilato de lisina;Lisaspin 1000;14;5;776131298;5;;1800 mg;2;116,00;13;0;0;157
119;Acetilsalicilato de lisina;Lisaspin 500;1;0;824274987;4;;900 mg;2;33,00;6;0;0;157
120;Acetonido de fluocinolona;Synalar;1;7;861493083;7;;0.25 mg/g;5;69,00;1;0;0;67
121;Acetonido de fluocinolona + Lidocaina + Subgalhato de bismuto;Synalar Rectal;7;2;70575234;3;;Associacao;0;77,00;5;0;0;168
122;Acetonido de fluocinolona + Neomicina;Synalar N;1;5;496997354;1;;3.5 mg + 0.25 mg;1;117,00;1;0;0;67
123;Acetonido de fluocinolona + Neomicina + Polimixina B;Oto-Synalar N;14;3;373955119;3;;Associacao;7;2,00;14;0;0;100
124;Aciclovir;Aciclosina;1;7;699849679;9;;50 mg/g;7;31,00;1;0;0;67
125;Aciclovir;Aciclovax;6;9;779619970;7;;250 mg;4;18,00;5;0;0;159
126;Aciclovir;Aciclovir Angenerico 800 mg Comprimidos;6;3;745906466;0;;800 mg;0;15,00;2;1;1;41
127;Aciclovir;Aciclovir Ciclum;13;4;904109280;8;;200 mg;3;74,00;2;1;1;41
128;Aciclovir;Aciclovir Ciclum;7;7;883003516;13;;400 mg;5;69,00;2;1;1;41
129;Aciclovir;Aciclovir Ciclum;1;0;915468902;12;;800 mg;4;91,00;2;1;1;41
130;Aciclovir;Aciclovir Cinfa 800 mg Comprimidos Dispersiveis;10;7;375928318;10;;800 mg;1;27,00;2;1;1;47
131;Aciclovir;Aciclovir Combino;9;10;89047143;6;;250 mg;6;88,00;11;1;1;159
132;Aciclovir;Aciclovir Generis;11;0;42596554;7;;250 mg;7;147,00;1;1;1;159
133;Aciclovir;Aciclovir Generis 200 mg Comprimidos;11;7;23644661;18;;200 mg;6;44,00;2;1;1;41
134;Aciclovir;Aciclovir Generis 800 mg Comprimidos;10;5;960863747;11;;800 mg;5;144,00;2;1;1;41
135;Aciclovir;Aciclovir Germed;1;2;928169374;2;;50 mg/g;0;69,00;1;1;1;67
136;Aciclovir;Aciclovir ITF 200 mg Comprimidos;12;7;373331335;5;;200 mg;0;99,00;2;1;1;41
137;Aciclovir;Aciclovir ITF 800 mg Comprimidos;9;2;180879771;5;;800 mg;2;119,00;2;1;1;41
138;Aciclovir;Aciclovir Labesfal;11;3;460744333;16;;50 mg/g;7;34,00;1;0;0;67
139;Aciclovir;Aciclovir Labesfal 200 mg Comprimidos;13;4;290146112;15;;200 mg;4;25,00;2;1;1;41
140;Aciclovir;Aciclovir Labesfal 800 mg Comprimidos;6;8;322859302;20;;800 mg;5;125,00;2;1;1;41
141;Aciclovir;Aciclovir Mer;1;9;93116237;5;;50 mg/g;6;145,00;1;1;1;67
142;Aciclovir;Aciclovir Sidefarma;11;9;425271578;3;;250 mg;4;111,00;10;1;1;159
143;Aciclovir;Aciclovir Tedec;5;7;754529564;5;;250 mg/10 ml;1;115,00;5;0;0;193
144;Aciclovir;Aciclovir Vida;7;7;753422747;8;;200 mg;5;46,00;2;1;1;41
145;Aciclovir;Aciclovir Vida;1;8;180925062;4;;800 mg;2;84,00;2;1;1;41
146;Aciclovir;Aciclovir Winthrop 200 mg Comprimidos;3;4;921663847;9;;200 mg;2;113,00;2;1;1;41
147;Aciclovir;Aciclovir Winthrop 800 mg Comprimidos dispersiveis;10;4;751904403;0;;800 mg;4;120,00;2;1;1;47
148;Aciclovir;Aciclovir ratiopharm;11;7;11540940;4;;50 mg/g;0;148,00;1;1;1;67
149;Aciclovir;Briclofar;5;0;801781370;14;;50 mg/g;3;33,00;1;0;0;67
150;Aciclovir;Cicloviral;7;2;843557410;15;;200 mg;1;97,00;2;0;0;41
151;Aciclovir;Cicloviral;4;9;667645421;13;;400 mg;1;133,00;2;0;0;41
152;Aciclovir;Cicloviral;13;1;913676854;13;;800 mg;3;15,00;2;0;0;41
153;Aciclovir;Cicloviral;5;5;286519411;11;;50 mg/g;3;136,00;1;0;0;67
154;Aciclovir;Cicloviral IV;10;9;392054604;5;;250 mg;6;105,00;13;0;0;159
155;Aciclovir;Divicil;10;0;225343984;0;;200 mg;5;89,00;2;0;0;41
156;Aciclovir;Divicil;7;0;863669480;6;;800 mg;2;90,00;2;0;0;41
157;Aciclovir;Divicil;5;2;870667084;5;;80 mg/ml;4;25,00;6;0;0;207
158;Aciclovir;Faulviral;7;2;232563177;7;;25 mg/ml;4;127,00;3;0;0;65
159;Aciclovir;Hermix-Sofex;9;8;144284116;18;;200 mg;3;13,00;2;0;0;41
160;Aciclovir;Hermix-Sofex;2;10;839300595;16;;50 mg/g;1;64,00;1;0;0;67
161;Aciclovir;Milavir;3;3;219797354;18;;50 mg/g;5;112,00;1;0;0;67
162;Aciclovir;Zov 800;4;7;637689956;15;;800 mg;6;20,00;2;0;0;41
163;Aciclovir;Zovirax;9;10;251876412;2;;200 mg;2;126,00;2;0;0;41
164;Aciclovir;Zovirax;6;8;913081290;20;;50 mg/g;2;97,00;1;0;0;67
165;Aciclovir;Zovirax;3;11;200385775;13;;30 mg/g;6;97,00;9;0;0;167
166;Aciclovir;Zovirax;8;0;349740339;17;;80 mg/ml;3;70,00;4;0;0;207
167;Aciclovir + Hidrocortisona;Xerclear;9;0;871800227;9;;50 mg/g + 10 mg/g;1;135,00;1;0;0;67
168;Acitretina;Neotigason;4;10;477966818;5;;10 mg;2;94,00;2;0;0;28
169;Acitretina;Neotigason;11;0;212208665;3;;25 mg;5;97,00;2;0;0;28
170;Adalimumab;Humira;11;11;861401872;3;;40 mg/0.8 ml;0;124,00;2;0;0;177
171;Adapaleno;Differin;11;2;257539143;12;;1 mg/g;2;14,00;1;0;0;67
172;Adapaleno;Differin;4;11;155933677;6;;1 mg/g;3;82,00;13;0;0;86
173;Adapaleno + Peroxido de benzoilo;Epiduo;1;6;698295895;8;;1 mg/g + 25 mg/g;7;17,00;2;0;0;86
174;Adapaleno + Peroxido de benzoilo;Tactuo;1;1;35611728;10;;1 mg/g + 25 mg/g;1;16,00;5;0;0;86
175;Adefovir;Hepsera;7;6;766958215;2;;10 mg;1;25,00;2;0;0;41
176;Adenosina;Adenocor;1;11;82933051;7;;6 mg/2 ml;7;122,00;11;0;0;177
177;Adenosina;Adenoscan;2;1;317625986;1;;3 mg/ml;5;136,00;7;0;0;193
178;Adrenalina;Adrenalina Braun;1;3;282709293;4;;1 mg/1 ml;2;113,00;9;0;0;177
179;Adrenalina;Adrenalina Labesfal;11;2;111352600;5;;0.1 mg/1 ml;2;3,00;12;0;0;177
180;Adrenalina;Adrenalina Labesfal;10;7;996640978;3;;0.25 mg/1 ml;0;23,00;2;0;0;177
181;Adrenalina;Adrenalina Labesfal;12;4;459873604;14;;1 mg/1 ml;6;113,00;9;0;0;177
182;Adrenalina;Adrenalina Labesfal;6;1;224886271;20;;2 mg/1 ml;3;10,00;13;0;0;177
183;Adrenalina;Anapen 0,15 mg/0,3 ml;11;3;835408510;10;;0.15 mg/0.3 ml;5;34,00;3;0;0;177
184;Adrenalina;Anapen 0,3 mg/0,3 ml;10;1;991655076;9;;0.3 mg/0.3 ml;4;94,00;7;0;0;177
185;Agalsidase alfa;Replagal;4;6;925852260;20;;1 mg/ml;0;92,00;3;0;0;65
186;Agalsidase beta;Fabrazyme;12;7;770582916;9;;35 mg;2;10,00;7;0;0;159
187;Agalsidase beta;Fabrazyme;10;9;509504647;12;;5 mg;0;76,00;5;0;0;159
188;Agomelatina;Thymanax;13;2;677364409;4;;25 mg;6;90,00;2;0;0;56
189;Agomelatina;Valdoxan;4;0;821519899;5;;25 mg;7;114,00;2;0;0;56
190;Alanina-Glutamina;Dipeptiven;3;5;852174619;3;;200 mg/ml;5;25,00;12;0;0;193
191;Albendazol;Zentel;13;5;53677003;7;;400 mg;6;78,00;2;0;0;41
192;Albendazol;Zentel;9;2;178441419;9;;200 mg;1;24,00;2;0;0;56
193;Albendazol;Zentel;3;0;991868412;18;;20 mg/ml;5;12,00;13;0;0;207
194;Albumina humana;Albiomin 20%;6;4;578898209;11;;200 g/l;5;150,00;5;0;0;193
195;Albumina humana;Albumina 25% p/v Solucao de Albumina Humana;2;8;205794408;14;;250 g/l;2;123,00;5;0;0;193
196;Albumina humana;Albumina Humana 20% Behring;7;5;3618038;1;;200 g/l;4;55,00;2;0;0;193
197;Albumina humana;Albumina Humana 20% Octapharma;4;6;930676423;16;;200 g/l;5;75,00;11;0;0;193
198;Albumina humana;Albumina Humana AMPDR;13;0;858080542;17;;200 g/l;5;96,00;7;0;0;193
199;Albumina humana;Albumina Humana Baxter;6;7;208040997;3;;200 g/l;0;144,00;14;0;0;193
200;Albumina humana;Albumina Humana Baxter;3;2;85012980;4;;250 g/l;1;140,00;8;0;0;193
201;Albumina humana;Albumina Humana Baxter;4;0;97096155;9;;50 g/l;6;3,00;11;0;0;193
202;Albumina humana;Albumina Humana Grifols 20%;4;3;778992581;18;;200 g/l;0;115,00;4;0;0;177
203;Albumina humana;Albumina Humana Grifols a 5%;8;10;407582364;17;;50 g/l;2;72,00;14;0;0;193
204;Albumina humana;Albumina Humana Kedrion;15;3;416368365;11;;200 g/l;5;57,00;8;0;0;193
205;Albumina humana;Albumina Humana Kedrion;8;5;960842231;18;;250 g/l;2;99,00;11;0;0;193
206;Albumina humana;Albuminativ 200 mg/ml;7;10;182563911;2;;200 g/l;7;123,00;4;0;0;193
207;Albumina humana;Albuminativ 40 mg/ml;14;2;808285121;9;;40 g/l;7;1,00;9;0;0;193
208;Albumina humana;Albumine-LFB 200 mg/ml;15;7;920393385;1;;200 g/l;7;104,00;13;0;0;193
209;Albumina humana;Albunorm 20%;9;6;831662813;5;;200 g/l;5;93,00;7;0;0;193
210;Albumina humana;Albunorm 5%;4;7;728900107;0;;50 g/l;3;5,00;14;0;0;193
211;Albumina humana;Alburex 20;7;4;575998879;6;;200 g/l;0;110,00;9;0;0;193
212;Albumina humana;Alburex 5;2;8;134963683;19;;50 g/l;2;67,00;5;0;0;193
213;Albumina humana;Flexbumin;2;0;492157261;9;;200 g/l;7;84,00;12;0;0;193
214;Alcatrao mineral;Polytar;11;11;365530130;6;;10 mg/g;4;42,00;1;0;0;36
215;Alcatrao mineral;Tarmed;8;4;867816335;15;;40 mg/g;2;36,00;1;0;0;36
216;Alcatrao mineral + Piritiona de zinco e outras associacoes;Fongitar Shampoo;3;3;694055576;4;;Associacao;7;42,00;4;0;0;173
217;Alclometasona;Miloderme;15;6;544341316;1;;0.5 mg/g;3;34,00;1;0;0;67
218;Aldesleucina;Proleukin;11;9;495948262;6;;18 M.U.I.;0;124,00;1;0;0;155
219;Aldesleucina;Proleukin;9;9;403914228;7;;18 M.U.I.;6;34,00;12;0;0;159
220;Alemtuzumab;Mabcampath;9;1;227776779;11;;10 mg/ml;7;102,00;3;0;0;65
221;Alemtuzumab;Mabcampath;9;1;551845322;8;;30 mg/ml;1;144,00;3;0;0;65
222;Alergenos;Alergo-Merck Depot acaros;13;0;478372270;14;;Associacao;1;94,00;13;0;0;205
223;Alergenos;Alergo-Merck Formogoid Depot;13;10;726333911;18;;Associacao;1;86,00;14;0;0;205
224;Alergenos;Prick-Teste;1;5;679709073;17;;Associacao;5;77,00;2;0;0;203
225;Alergenos;Truetest;13;8;328052213;9;;Associacao;7;78,00;13;0;0;72
226;Alergenos de polen;Alergo-Merck Depot Polens;5;5;135454142;9;;Associacao;0;55,00;3;0;0;205
227;Alfacalcidol;Alfad;2;5;323563231;13;;0.25 µg;6;77,00;2;0;0;32
228;Alfacalcidol;Alfad;6;2;557436199;16;;0.5 µg;3;138,00;2;0;0;32
229;Alfacalcidol;Alfad;9;2;649206472;15;;1 µg;1;17,00;2;0;0;32
230;Alfacalcidol;Etalpha;9;2;514603325;15;;0.25 µg;3;100,00;2;0;0;28
231;Alfacalcidol;Etalpha;3;0;424618691;3;;0.5 µg;0;47,00;2;0;0;28
232;Alfacalcidol;Etalpha;4;0;35005835;13;;1 µg;4;12,00;2;0;0;28
233;Alfacalcidol;Etalpha;2;2;697046735;18;;2 µg/ml;6;92,00;13;0;0;103
234;Alfacalcidol;Etalpha;2;10;407859906;8;;2 µg/ml;5;108,00;14;0;0;193
235;Alfatocoferol;Ve 150;8;9;444104461;17;;150 mg;6;119,00;2;0;0;28
236;Alfatocoferol + Piridoxina + Retinol;Esclerobion;2;10;382094141;14;;70 mg + 40 mg + 60 mg;4;42,00;2;0;0;55
237;Alfentanilo;Rapifen;5;1;61913869;6;;1 mg/2 ml;2;32,00;13;0;0;177
238;Alfentanilo;Rapifen;11;3;20803644;11;;5 mg/10 ml;1;102,00;6;0;0;177
239;Alfuzosina;Alfuzosina Alter;8;10;520937972;10;;10 mg;4;127,00;2;1;1;46
240;Alfuzosina;Alfuzosina Alter;6;6;372723906;5;;5 mg;2;91,00;2;1;1;46
241;Alfuzosina;Alfuzosina Arrowblue;1;2;346291646;13;;10 mg;5;79,00;2;1;1;46
242;Alfuzosina;Alfuzosina Arrowblue;6;3;569886199;4;;5 mg;5;36,00;2;1;1;46
243;Alfuzosina;Alfuzosina Aurobindo;10;0;739679862;20;;10 mg;3;117,00;2;1;1;46
244;Alfuzosina;Alfuzosina Ciclum 10 mg Comprimidos;5;8;456732382;0;;10 mg;2;20,00;2;1;1;46
245;Alfuzosina;Alfuzosina Ciclum 5 mg Comprimidos;6;6;373266791;7;;5 mg;0;122,00;2;1;1;46
246;Alfuzosina;Alfuzosina Generis;14;1;311369090;20;;10 mg;0;83,00;2;1;1;46
247;Alfuzosina;Alfuzosina Generis;10;10;414015736;6;;5 mg;5;116,00;2;1;1;46
248;Alfuzosina;Alfuzosina Mepha 10 mg Comprimidos de libertacao prolongada;12;11;975375029;0;;10 mg;2;59,00;2;1;1;46
249;Alfuzosina;Alfuzosina Mepha 5 mg Comprimidos de libertacao prolongada;13;6;542154804;19;;5 mg;2;10,00;2;1;1;46
250;Alfuzosina;Alfuzosina Mylan;5;4;329549562;11;;10 mg;5;98,00;2;1;1;46
251;Alfuzosina;Alfuzosina Mylan;9;2;210993496;11;;5 mg;4;42,00;2;1;1;46
252;Alfuzosina;Alfuzosina Pharmakern;9;8;753987776;19;;10 mg;7;1,00;2;1;1;46
253;Alfuzosina;Alfuzosina Ranbaxy;9;4;776192863;16;;10 mg;6;52,00;2;1;1;46
254;Alfuzosina;Alfuzosina Ratiopharm 10 mg Comprimidos de libertacao prolongada;9;2;760895663;13;;10 mg;1;71,00;2;1;1;46
255;Alfuzosina;Alfuzosina Ratiopharm 5 mg Comprimidos de libertacao prolongada;9;9;124542112;6;;5 mg;1;115,00;2;1;1;46
256;Alfuzosina;Alfuzosina Sandoz 10 mg Comprimidos de libertacao prolongada;5;11;130754965;2;;10 mg;6;78,00;2;1;1;46
257;Alfuzosina;Alfuzosina Teva;14;4;861060488;5;;10 mg;5;115,00;2;1;1;46
258;Alfuzosina;Alfuzosina Teva;8;2;968657266;17;;5 mg;7;96,00;2;1;1;46
259;Alfuzosina;Alfuzosina Winthrop;4;5;591450217;2;;10 mg;1;70,00;2;1;1;45
260;Alfuzosina;Benestan;10;10;301447811;4;;2.5 mg;1;22,00;2;0;0;55
261;Alfuzosina;Benestan AP;13;2;793349784;2;;5 mg;0;81,00;2;0;0;46
262;Alfuzosina;Benestan OD;9;5;143425543;2;;10 mg;1;135,00;2;0;0;45
263;Alginato de sodio + Bicarbonato de sodio + Carbonato de calcio;Gaviscon;3;7;538858261;4;;Associacao;4;90,00;2;0;0;53
264;Alginato de sodio + Bicarbonato de sodio + Carbonato de calcio;Gaviscon;6;9;441084365;1;;Associacao;6;146,00;5;0;0;207
265;Alginato de sodio + Bicarbonato de sodio + Carbonato de calcio;Gaviscon;2;11;158329730;2;;Associacao;0;55,00;13;0;0;207
266;Alglucosidase alfa;Myozyme;10;5;896950717;1;;50 mg;5;120,00;4;0;0;149
267;Aliscireno;Rasilez;10;10;986098568;16;;150 mg;4;56,00;2;0;0;56
268;Aliscireno;Rasilez;5;8;410900954;0;;300 mg;3;36,00;2;0;0;56
269;Aliscireno;Riprazo;4;0;174162534;16;;150 mg;3;75,00;2;0;0;56
270;Aliscireno;Riprazo;5;6;890568616;13;;300 mg;0;55,00;2;0;0;56
271;Aliscireno;Sprimeo;6;2;359368446;11;;150 mg;1;45,00;2;0;0;56
272;Aliscireno;Sprimeo;10;7;745023154;14;;300 mg;1;111,00;2;0;0;56
273;Aliscireno + Hidroclorotiazida;Rasilez HCT;6;1;866266242;0;;150 mg + 12.5 mg;5;90,00;2;0;0;56
274;Aliscireno + Hidroclorotiazida;Rasilez HCT;11;5;758860544;1;;150 mg + 25 mg;1;105,00;2;0;0;56
275;Aliscireno + Hidroclorotiazida;Rasilez HCT;2;9;587189700;12;;300 mg + 12.5 mg;3;84,00;2;0;0;56
276;Aliscireno + Hidroclorotiazida;Rasilez HCT;9;5;718247234;4;;300 mg + 25 mg;0;94,00;2;0;0;56
277;Alitretinoina;Panretin;10;11;695874736;14;;1 mg/g;1;124,00;2;0;0;86
278;Alitretinoina;Toctino;1;10;295145970;20;;10 mg;5;36,00;2;0;0;32
279;Alitretinoina;Toctino;6;9;244412833;17;;30 mg;4;77,00;2;0;0;32
280;Almitrina;Vectarion;14;4;40464818;8;;50 mg;6;18,00;2;0;0;55
281;Almotriptano;Almogran;2;2;249338035;9;;12.5 mg;0;147,00;2;0;0;56
282;Alopurinol;Alopurinol Ciclum 300 mg Comprimidos;14;0;586525810;18;;300 mg;5;133,00;2;1;1;41
283;Alopurinol;Alopurinol J.Neves;9;6;493652731;0;;300 mg;0;85,00;2;0;0;41
284;Alopurinol;Alopurinol Ratiopharm 300 mg Comprimidos;4;1;331146002;3;;300 mg;4;113,00;2;1;1;41
285;Alopurinol;Alopurinol Teva;5;9;341623263;10;;100 mg;2;110,00;2;1;1;41
286;Alopurinol;Alopurinol Teva;14;11;786514382;20;;300 mg;5;113,00;2;1;1;41
287;Alopurinol;Uriprim;8;9;86046929;14;;100 mg;3;120,00;2;0;0;41
288;Alopurinol;Uriprim 300;9;7;966309159;19;;300 mg;7;135,00;2;0;0;41
289;Alopurinol;Zurim;10;11;407401052;18;;100 mg;2;30,00;2;0;0;41
290;Alopurinol;Zurim;5;11;971309957;3;;300 mg;1;117,00;2;1;1;41
291;Alopurinol;Zyloric;1;8;712040249;9;;100 mg;2;31,00;2;0;0;41
292;Alopurinol;Zyloric;6;5;304178728;7;;300 mg;5;79,00;2;0;0;41
293;Alprazolam;Alprazolam Baldacci 0,25 mg Comprimidos;1;10;503862143;2;;0.25 mg;4;103,00;2;1;1;41
294;Alprazolam;Alprazolam Baldacci 0,5 mg Comprimidos;14;5;837414655;11;;0.5 mg;0;103,00;2;1;1;41
295;Alprazolam;Alprazolam Baldacci 1 mg Comprimidos;9;8;367643667;17;;1 mg;6;100,00;2;1;1;41
296;Alprazolam;Alprazolam Basi;3;4;638227037;19;;0.25 mg;3;55,00;2;1;1;41
297;Alprazolam;Alprazolam Basi;4;3;126294498;8;;0.5 mg;2;84,00;2;1;1;41
298;Alprazolam;Alprazolam Basi;1;7;104750227;0;;1 mg;3;127,00;2;1;1;41
299;Alprazolam;Alprazolam Bluepharma 0,25 mg Comprimidos;9;11;22910041;14;;0.25 mg;6;137,00;2;1;1;41
300;Alprazolam;Alprazolam Bluepharma 0,5 mg Comprimidos;5;10;948427557;5;;0.5 mg;3;102,00;2;1;1;41
301;Alprazolam;Alprazolam Bluepharma 0,5 mg Comprimidos de libertacao modificada;3;2;239084279;14;;0.5 mg;0;94,00;2;1;1;45
302;Alprazolam;Alprazolam Bluepharma 1 mg Comprimidos;9;4;325962770;12;;1 mg;2;120,00;2;1;1;41
303;Alprazolam;Alprazolam Bluepharma 1 mg Comprimidos de libertacao modificada;9;5;518464390;4;;1 mg;5;51,00;2;1;1;45
304;Alprazolam;Alprazolam Bluepharma 2 mg Comprimidos de libertacao modificada;10;11;859305527;17;;2 mg;6;42,00;2;1;1;45
305;Alprazolam;Alprazolam Ciclum 0,25 mg Comprimidos;12;3;688416293;13;;0.25 mg;7;127,00;2;1;1;41
306;Alprazolam;Alprazolam Ciclum 0,5 mg Comprimidos;3;11;255893715;8;;0.5 mg;3;109,00;2;1;1;41
307;Alprazolam;Alprazolam Ciclum 1 mg Comprimidos;4;4;672455186;5;;1 mg;5;55,00;2;1;1;41
308;Alprazolam;Alprazolam Cinfa;15;6;268377740;14;;0.5 mg;1;67,00;2;1;1;45
309;Alprazolam;Alprazolam Cinfa;15;8;852733546;18;;1 mg;4;135,00;2;1;1;45
310;Alprazolam;Alprazolam Cinfa;4;1;167944501;2;;2 mg;3;4,00;2;1;1;45
311;Alprazolam;Alprazolam GP 0,25 mg Comprimidos;6;0;540918184;0;;0.25 mg;2;125,00;2;1;1;41
312;Alprazolam;Alprazolam GP 0,5 mg Comprimidos;4;8;648118611;1;;0.5 mg;5;141,00;2;1;1;41
313;Alprazolam;Alprazolam GP 0,5 mg Comprimidos de libertacao modificada;7;4;360350058;9;;0.5 mg;1;101,00;2;1;1;45
314;Alprazolam;Alprazolam GP 1 mg Comprimidos;8;7;896417297;1;;1 mg;0;62,00;2;1;1;41
315;Alprazolam;Alprazolam GP 1 mg Comprimidos de libertacao modificada;13;2;703640746;14;;1 mg;4;56,00;2;1;1;45
316;Alprazolam;Alprazolam GP 2 mg Comprimidos de libertacao modificada;15;3;476338418;8;;2 mg;4;95,00;2;1;1;45
317;Alprazolam;Alprazolam Generis 0,25 mg Comprimidos;15;4;927935645;18;;0.25 mg;7;78,00;2;1;1;41
318;Alprazolam;Alprazolam Generis 0,5 mg Comprimidos;3;10;944834945;17;;0.5 mg;3;34,00;2;1;1;41
319;Alprazolam;Alprazolam Generis 0,5 mg Comprimidos de libertacao modificada;5;6;268398513;6;;0.5 mg;6;141,00;2;1;1;45
320;Alprazolam;Alprazolam Generis 1 mg Comprimidos;14;4;724555427;1;;1 mg;7;66,00;2;1;1;41
321;Alprazolam;Alprazolam Generis 1 mg Comprimidos de libertacao modificada;2;2;676141427;1;;1 mg;0;2,00;2;1;1;45
322;Alprazolam;Alprazolam Generis 2 mg Comprimidos de libertacao modificada;6;11;778760316;8;;2 mg;2;80,00;2;1;1;45
323;Alprazolam;Alprazolam Jaba 0,5 mg Comprimidos de libertacao modificada;11;1;180978905;6;;0.5 mg;7;122,00;2;1;1;45
324;Alprazolam;Alprazolam Jaba 1 mg Comprimidos de libertacao modificada;14;1;828566126;3;;1 mg;5;72,00;2;1;1;45
325;Alprazolam;Alprazolam Jaba 2 mg Comprimidos de libertacao modificada;9;4;254229088;16;;2 mg;2;128,00;2;1;1;45
326;Alprazolam;Alprazolam Labesfal 0,5 mg Comprimidos de libertacao modificada;11;1;948500606;4;;0.5 mg;2;96,00;2;1;1;45
327;Alprazolam;Alprazolam Labesfal 1 mg Comprimidos de libertacao modificada;4;5;898843763;0;;1 mg;5;41,00;2;1;1;45
328;Alprazolam;Alprazolam Labesfal 2 mg Comprimidos de libertacao modificada;8;1;779023471;14;;2 mg;4;53,00;2;1;1;45
329;Alprazolam;Alprazolam Mylan;1;11;309141456;6;;0.25 mg;7;109,00;2;1;1;41
330;Alprazolam;Alprazolam Mylan;6;10;308279245;15;;0.5 mg;4;31,00;2;1;1;41
331;Alprazolam;Alprazolam Mylan;6;1;170684338;0;;1 mg;3;75,00;2;1;1;41
332;Alprazolam;Alprazolam Mylan;11;8;68451221;6;;0.5 mg;0;16,00;2;1;1;45
333;Alprazolam;Alprazolam Mylan;12;1;333569708;1;;1 mg;6;76,00;2;1;1;45
334;Alprazolam;Alprazolam Mylan;8;2;687321347;9;;2 mg;6;37,00;2;1;1;45
335;Alprazolam;Alprazolam Pazolam 0,25 mg Comprimidos;3;1;887395772;6;;0.25 mg;0;144,00;2;1;1;41
336;Alprazolam;Alprazolam Pazolam 0,5 mg Comprimidos;4;5;820026383;14;;0.5 mg;0;20,00;2;1;1;41
337;Alprazolam;Alprazolam Pazolam 0,5 mg Comprimidos de libertacao modificada;15;5;942569070;15;;0.5 mg;5;48,00;2;1;1;45
338;Alprazolam;Alprazolam Pazolam 1 mg Comprimidos;10;8;239784301;0;;1 mg;1;137,00;2;1;1;41
339;Alprazolam;Alprazolam Pazolam 1 mg Comprimidos de libertacao modificada;3;4;207178107;12;;1 mg;5;31,00;2;1;1;45
340;Alprazolam;Alprazolam Pazolam 2 mg Comprimidos de libertacao modificada;8;3;164482600;1;;2 mg;5;127,00;2;1;1;45
341;Alprazolam;Alprazolam Prazam;9;10;932987642;13;;0.25 mg;4;130,00;2;1;1;41
342;Alprazolam;Alprazolam Prazam;15;5;543031239;13;;0.5 mg;4;68,00;2;1;1;41
343;Alprazolam;Alprazolam Prazam;12;1;490537932;10;;1 mg;6;123,00;2;1;1;41
344;Alprazolam;Alprazolam Ratiopharm 0,5 mg Comprimidos de libertacao modificada;4;10;985718884;19;;0.5 mg;2;97,00;2;1;1;45
345;Alprazolam;Alprazolam Ratiopharm 1 mg Comprimidos de libertacao modificada;14;4;500165731;3;;1 mg;2;107,00;2;1;1;45
346;Alprazolam;Alprazolam Ratiopharm 2 mg Comprimidos de libertacao modificada;5;11;407868192;12;;2 mg;5;7,00;2;1;1;45
347;Alprazolam;Alprazolam Sandoz;5;5;64370963;19;;0.25 mg;0;16,00;2;1;1;41
348;Alprazolam;Alprazolam Sandoz;5;3;185835169;0;;0.5 mg;5;65,00;2;1;1;41
349;Alprazolam;Alprazolam Sandoz;7;3;876905470;5;;1 mg;7;33,00;2;1;1;41
350;Alprazolam;Alprazolam Vetiquima 0,25 mg Comprimidos;3;4;252921262;19;;0.25 mg;7;113,00;2;1;1;41
351;Alprazolam;Alprazolam Vetiquima 0,5 mg Comprimidos;9;3;34677809;10;;0.5 mg;4;43,00;2;1;1;41
352;Alprazolam;Alprazolam Vetiquima 1 mg Comprimidos;2;7;178657082;8;;1 mg;6;49,00;2;1;1;41
353;Alprazolam;Alprazolam Wynn;13;7;436244780;20;;0.25 mg;7;144,00;2;1;1;41
354;Alprazolam;Alprazolam Wynn;6;2;156498455;7;;0.5 mg;3;130,00;2;1;1;41
355;Alprazolam;Alprazolam Wynn;7;0;593553037;18;;1 mg;5;86,00;2;1;1;41
356;Alprazolam;Alprazolam Wynn;12;0;571599380;2;;0.5 mg;7;149,00;2;1;1;45
357;Alprazolam;Alprazolam Wynn;3;3;372576572;10;;1 mg;3;74,00;2;1;1;45
358;Alprazolam;Alprazolam Wynn;12;0;231382613;6;;2 mg;7;106,00;2;1;1;45
359;Alprazolam;Alprazolam cinfa 0,5 mg Comprimidos;7;3;534060430;8;;0.5 mg;5;22,00;2;1;1;41
360;Alprazolam;Alprazolam cinfa 1 mg Comprimidos;12;5;449017418;12;;1 mg;0;5,00;2;1;1;41
361;Alprazolam;Alprazolam ratiopharm 0,25 mg Comprimidos;14;7;530340800;10;;0.25 mg;7;27,00;2;1;1;41
362;Alprazolam;Alprazolam ratiopharm 0,5 mg Comprimidos;2;9;576596165;3;;0.5 mg;6;16,00;2;1;1;41
363;Alprazolam;Alprazolam ratiopharm 1 mg Comprimidos;9;8;142602347;19;;1 mg;6;10,00;2;1;1;41
364;Alprazolam;Unilan;5;3;727759139;14;;0.25 mg;3;3,00;2;1;1;41
365;Alprazolam;Unilan;9;6;448942924;4;;0.5 mg;6;150,00;2;1;1;41
366;Alprazolam;Unilan;6;8;276874808;12;;1 mg;2;9,00;2;1;1;41
367;Alprazolam;Xanax;10;0;103892877;14;;0.25 mg;2;102,00;2;0;0;41
368;Alprazolam;Xanax;2;8;511248673;17;;0.5 mg;0;64,00;2;0;0;41
369;Alprazolam;Xanax;7;1;948687965;20;;1 mg;5;42,00;2;0;0;41
370;Alprazolam;Xanax Xr;8;4;785465819;16;;0.5 mg;5;103,00;2;0;0;45
371;Alprazolam;Xanax Xr;5;4;444636972;4;;1 mg;6;34,00;2;0;0;45
372;Alprazolam;Xanax Xr;3;2;26922509;7;;2 mg;4;34,00;2;0;0;45
373;Alprazolam;Xanax Xr;9;4;416380443;5;;3 mg;4;74,00;2;0;0;45
374;Alprostadilo;Caverject;14;11;358266147;13;;0.01 mg/1 ml;7;12,00;2;0;0;137
375;Alprostadilo;Caverject;3;4;732431393;14;;0.02 mg/1 ml;1;106,00;14;0;0;137
376;Alprostadilo;Muse;15;7;105820887;17;;0.125 mg;0;113,00;3;0;0;119
377;Alprostadilo;Muse;6;3;465290964;15;;0.25 mg;5;74,00;9;0;0;119
378;Alprostadilo;Muse;12;3;184635630;6;;0.5 mg;1;78,00;12;0;0;119
379;Alprostadilo;Muse;9;6;447261236;12;;1 mg;6;65,00;10;0;0;119
380;Alprostadilo;Prostin Vr;3;6;184416457;0;;0.5 mg/1 ml;2;25,00;2;0;0;177
381;Alprostadilo;Vasoprost;11;0;718422064;1;;0.02 mg;3;91,00;2;0;0;159
382;Alteplase;Actilyse;10;9;243310763;13;;100 mg/100 ml;3;97,00;5;0;0;138
383;Alteplase;Actilyse Cathflo;5;11;620260324;6;;2 mg/2 ml;7;127,00;10;0;0;138
384;Alteplase;Actilyse Po e solvente para solucao injectavel e perfusao;9;9;708123603;12;;10 mg/10 ml;3;26,00;5;0;0;138
385;Alteplase;Actilyse Po e solvente para solucao injectavel e perfusao;10;0;285567154;15;;20 mg/20 ml;3;145,00;13;0;0;138
386;Alteplase;Actilyse Po e solvente para solucao injectavel e perfusao;6;7;161338114;5;;50 mg/50 ml;6;54,00;14;0;0;138
387;Altizida + Espironolactona;Aldactazine;7;8;544640498;6;;15 mg + 25 mg;2;143,00;2;0;0;41
388;Amantadina;Parkadina;9;6;300230391;16;;100 mg;5;68,00;2;0;0;28
389;Amantadina;Pk-Merz;3;6;130902633;0;;100 mg;6;39,00;2;0;0;55
390;Ambrisentano;Volibris;6;0;170587988;12;;10 mg;1;85,00;2;0;0;56
391;Ambrisentano;Volibris;3;1;701618952;19;;5 mg;0;65,00;2;0;0;56
392;Ambroxol;Ambroxol Cinfa 3 mg/ml Xarope;6;6;375379479;20;;3 mg/ml;3;132,00;9;1;1;215
393;Ambroxol;Ambroxol Farmoz 15mg/5ml Xarope;8;6;716225534;1;;3 mg/ml;5;76,00;13;1;1;215
394;Ambroxol;Ambroxol Farmoz 30 mg Comprimidos;14;7;321188783;11;;30 mg;0;34,00;2;1;1;41
395;Ambroxol;Ambroxol Farmoz 30mg/5ml  Xarope;15;11;998982441;0;;6 mg/ml;1;92,00;13;1;1;215
396;Ambroxol;Ambroxol Fluidox 30 mg Comprimidos;11;8;65603719;18;;30 mg;5;36,00;2;1;1;41
397;Ambroxol;Ambroxol Fluidox 6 mg/ml Xarope;5;8;598754811;12;;6 mg/ml;7;142,00;8;1;1;215
398;Ambroxol;Ambroxol Generis 3 mg/ml Xarope;9;4;244235147;3;;3 mg/ml;2;52,00;1;1;1;215
399;Ambroxol;Ambroxol Germed 3 mg/ml Xarope;13;0;105676596;9;;3 mg/ml;5;79,00;14;1;1;215
400;Ambroxol;Ambroxol Germed 6 mg/ml Xarope;4;10;163160684;7;;6 mg/ml;1;118,00;9;1;1;215
401;Ambroxol;Ambroxol Jaba 6 mg/ml Xarope;15;0;514650176;16;;6 mg/ml;2;81,00;4;1;1;215
402;Ambroxol;Benflux;6;0;529908659;0;;30 mg;6;28,00;2;0;0;41
403;Ambroxol;Benflux;10;4;884671612;5;;3 mg/ml;4;129,00;6;0;0;215
404;Ambroxol;Benflux Forte;15;5;873570045;14;;6 mg/ml;1;40,00;3;0;0;215
405;Ambroxol;Bromax;7;9;543185726;16;;30 mg;3;49,00;2;0;0;41
406;Ambroxol;Bromax;2;10;487408614;3;;120 mg;7;120,00;2;0;0;30
407;Ambroxol;Bromax;12;9;967780148;12;;6 mg/ml;1;51,00;10;0;0;215
408;Ambroxol;Broncoliber;2;0;592162156;13;;30 mg;0;21,00;2;0;0;41
409;Ambroxol;Broncoliber;11;11;891445337;3;;120 mg;1;72,00;2;0;0;30
410;Ambroxol;Broncoliber;14;11;217431617;2;;3 mg/ml;3;1,00;1;0;0;215
411;Ambroxol;Broncoliber;14;3;711712415;16;;6 mg/ml;5;6,00;9;0;0;215
412;Ambroxol;Bronxol;2;10;86719008;14;;30 mg;0;46,00;2;0;0;41
413;Ambroxol;Bronxol;14;1;703256204;0;;6 mg/ml;5;144,00;5;0;0;215
414;Ambroxol;Drenoxol;3;9;737915413;16;;30 mg;6;88,00;2;0;0;41
415;Ambroxol;Drenoxol;5;8;867613754;9;;3 mg/ml;5;30,00;12;0;0;215
416;Ambroxol;Drenoxol;9;8;98212023;1;;30 mg/10 ml;5;127,00;14;0;0;215
417;Ambroxol;Fluidrenol;12;4;278060778;9;;30 mg;1;68,00;2;0;0;41
418;Ambroxol;Fluidrenol;12;5;396245187;18;;6 mg/ml;5;55,00;1;0;0;215
419;Ambroxol;Hipotosse;3;2;383995652;8;;30 mg;3;66,00;2;0;0;41
420;Ambroxol;Lactucol;1;11;672647089;9;;6 mg/ml;3;39,00;5;0;0;215
421;Ambroxol;Mucodrenol;12;9;581203514;4;;30 mg;6;24,00;2;0;0;41
422;Ambroxol;Mucodrenol;7;10;491631254;9;;30 mg/5 ml;0;40,00;12;0;0;215
423;Ambroxol;Mucodrenol;4;1;727995910;12;;6 mg/ml;0;77,00;14;0;0;215
424;Ambroxol;Mucosolvan;7;9;324695330;14;;30 mg;1;143,00;2;0;0;41
425;Ambroxol;Mucosolvan;4;2;587510299;8;;15 mg/2 ml;5;73,00;12;0;0;177
426;Ambroxol;Mucosolvan;8;11;723950846;12;;6 mg/ml;3;52,00;3;0;0;215
427;Ambroxol;Mucosolvan Perlonguets;12;10;507977957;19;;75 mg;5;73,00;2;0;0;30
428;Ambroxol;Mucotosse;15;10;816198843;19;;30 mg;0;141,00;2;0;0;41
429;Ambroxol;Mucotosse;11;7;791638663;16;;6 mg/ml;0;68,00;2;0;0;215
430;Ambroxol + Clenbuterol;Clembroxol;5;10;84170158;10;;30 mg + 0.02 mg;2;138,00;2;0;0;41
431;Ambroxol + Clenbuterol;Clembroxol;12;6;23552421;9;;30 mg + 0.02 mg;0;62,00;5;0;0;105
432;Ambroxol + Clenbuterol;Clembroxol;12;5;403075615;13;;1.5 mg/ml + 0.001 mg/ml;4;128,00;10;0;0;215
433;Ambroxol + Clenbuterol;Clembroxol;5;3;89368169;10;;3 mg/ml + 0.002 mg/ml;2;4,00;11;0;0;215
434;Ambroxol + Clenbuterol;Mucospas;13;6;663483138;16;;1.5 mg/ml + 0.001 mg/ml;0;68,00;1;0;0;215
435;Ambroxol + Clenbuterol;Mucospas;4;5;171634073;19;;3 mg/ml + 0.002 mg/ml;1;45,00;3;0;0;215
436;Ambroxol + Clenbuterol;Ventoliber;6;4;888194375;3;;30 mg + 0.02 mg;4;90,00;2;0;0;41
437;Ambroxol + Clenbuterol;Ventoliber;5;3;10897423;0;;30 mg + 0.02 mg;0;18,00;13;0;0;105
438;Ambroxol + Clenbuterol;Ventoliber;13;8;389378956;18;;1.5 mg/ml + 0.001 mg/ml;1;84,00;3;0;0;215
439;Ambroxol + Clenbuterol;Ventoliber;9;0;578777984;13;;3 mg/ml + 0.002 mg/ml;2;13,00;5;0;0;215
440;Amicacina;Amic;11;5;518863621;7;;100 mg/2 ml;3;86,00;11;0;0;177
441;Amicacina;Amic;11;10;23689765;20;;500 mg/2 ml;2;98,00;2;0;0;177
442;Amicacina;Amicacina Fresenius Kabi 250 mg/ml Solucao injectavel;15;11;277278391;18;;500 mg/2 ml;4;135,00;2;1;1;177
443;Amicacina;Amicacina Fresenius Kabi 50 mg/ml Solucao injectavel;5;11;344471355;13;;100 mg/2 ml;7;8,00;2;1;1;177
444;Amicacina;Amicacina Labesfal 250 mg/ml Solucao Injectavel;8;7;653633801;14;;500 mg/2 ml;4;142,00;8;1;1;177
445;Amicacina;Amicacina Labesfal 50 mg/ml Solucao Injectavel;6;0;256388927;4;;100 mg/2 ml;3;108,00;4;1;1;177
446;Amicacina;"Amikacina Normon 125""""";1;5;453325063;9;;125 mg/2 ml;3;56,00;4;0;0;177
447;Amicacina;"Amikacina Normon 250""""";11;9;359066673;17;;250 mg/2 ml;3;21,00;1;0;0;177
448;Amicacina;"Amikacina Normon 500""""";4;10;768362848;18;;500 mg/2 ml;0;14,00;13;0;0;177
449;Amicacina;Kamina;1;5;701503288;15;;100 mg/2 ml;0;58,00;10;0;0;177
450;Amicacina;Kamina;11;5;40120287;17;;500 mg/2 ml;3;57,00;2;0;0;177
451;Amidotrizoato de meglumina + Amidotrizoato de sodio;Gastrografina;15;1;196264293;7;;660 mg/ml + 100 mg/ml;1;52,00;4;0;0;175
452;Amidotrizoato de meglumina + Amidotrizoato de sodio;Urografina;13;9;872460521;11;;660 mg/ml + 100 mg/ml;6;142,00;11;0;0;177
453;Amifampridina;Firdapse;15;8;703885380;8;;10 mg;6;21,00;2;0;0;41
454;Amifostina;Ethyol;10;11;800783664;1;;375 mg;2;130,00;8;0;0;159
455;Amifostina;Ethyol;7;0;957763390;15;;500 mg;0;105,00;6;0;0;159
456;Amilase;Maxilase;14;1;220367202;13;;3000 U.CEIP;3;119,00;2;0;0;55
457;Amilase;Maxilase;7;6;437391356;12;;200 U.CEIP/ml;3;99,00;13;0;0;215
458;Amilase + Bromoprida + Dimeticone + Lipase + Pepsina;Modulanzime;12;0;956531126;4;;Associacao;5;107,00;2;0;0;28
459;Aminaftona;Capilarema;2;3;373298347;15;;75 mg;4;26,00;2;0;0;28
460;Aminofilina;Aminofilina Braun;12;9;444508908;3;;240 mg/10 ml;5;50,00;12;0;0;177
461;Aminofilina;Aminofilina Braun;14;1;485500935;14;;400 mg/2 ml;1;140,00;14;0;0;177
462;Aminofilina;Aminofilina Labesfal;4;7;182559271;16;;240 mg/10 ml;1;134,00;10;0;0;177
463;Aminofilina;Aminofilina Labesfal;8;2;573579934;11;;250 mg/10 ml;6;29,00;12;0;0;177
464;Aminofilina;Filotempo;12;7;129285532;18;;225 mg;5;146,00;2;0;0;46
465;Aminolevulinato de hexilo;Hexvix;6;9;218821547;10;;85 mg/50 ml;1;35,00;6;0;0;140
466;Aminolevulinato de metilo;Metvix;4;5;853298363;20;;160 mg/g;5;28,00;1;0;0;67
467;Aminoacidos;Aminoplasmal B. Braun 10%;9;2;171321105;2;;100 mg/ml;5;26,00;7;0;0;193
468;Aminoacidos;Aminoplasmal B. Braun 5%;1;1;500646969;19;;50 mg/ml;4;34,00;2;0;0;193
469;Aminoacidos;Aminoplasmal Hepa;8;5;251291190;16;;Associacao;7;8,00;12;0;0;193
470;Aminoacidos;Aminoplasmal L15 sem Electrolitos;11;7;969312576;15;;Associacao;0;32,00;13;0;0;193
471;Aminoacidos;Aminosteril Hepa 8%;12;6;899454998;7;;Associacao;0;68,00;11;0;0;193
472;Aminoacidos;Aminoven 10%;8;4;743602669;0;;Associacao;4;146,00;10;0;0;193
473;Aminoacidos;Aminoven 15%;8;7;4478770;0;;Associacao;6;56,00;1;0;0;193
474;Aminoacidos;Aminoven 5%;12;3;61542802;16;;Associacao;1;63,00;8;0;0;193
475;Aminoacidos;Glamin;5;7;766701054;20;;Associacao;1;45,00;12;0;0;193
476;Aminoacidos;Ketosteril;9;8;528088674;4;;Associacao;6;24,00;2;0;0;55
477;Aminoacidos;Nephrotect;7;1;649312669;12;;Associacao;2;66,00;14;0;0;193
478;Aminoacidos;Primene 10%;8;10;58961382;8;;Associacao;3;55,00;12;0;0;193
479;Aminoacidos;Vamin 14 sem Electrolitos;1;11;433995427;3;;Associacao;4;126,00;12;0;0;177
480;Aminoacidos;Vamin 18;7;8;85004518;4;;Associacao;2;58,00;10;0;0;177
481;Aminoacidos;Vaminolact;10;11;293376037;3;;Associacao;1;25,00;5;0;0;193
482;Aminoacidos;Vaminoven 18 SE;9;5;867626800;11;;Associacao;3;150,00;5;0;0;193
483;Aminoacidos + Electrolitos;Aminoplasmal B. Braun 10% E;9;0;304054863;15;;100 mg/ml;4;67,00;14;0;0;193
484;Aminoacidos + Electrolitos;Aminoplasmal B. Braun 5% E;9;9;913055603;6;;50 mg/ml;6;34,00;5;0;0;193
485;Aminoacidos + Electrolitos;Aminoplasmal L15 com Electrolitos;9;3;726730719;9;;Associacao;2;101,00;12;0;0;193
486;Aminoacidos + Electrolitos;Nutrineal PD4;8;0;782821703;10;;Associacao;7;86,00;10;0;0;183
487;Aminoacidos + Electrolitos;Nutrineal PD4 1,1% Aminoacidos Clear-Flex;3;8;894322875;7;;Associacao;3;85,00;4;0;0;183
488;Aminoacidos + Electrolitos;Vamin 14 com Electrolitos;6;0;541635735;11;;Associacao;5;130,00;10;0;0;177
489;Aminoacidos + Electrolitos;Vaminoven 18;11;9;553198462;7;;Associacao;5;146,00;10;0;0;193
490;Aminoacidos + Electrolitos + Glucose;Aminoven 3,5% Glucose/Electrolitos;14;0;956521812;19;;Associacao;7;150,00;13;0;0;193
491;Aminoacidos + Electrolitos + Glucose;Clinimix(N12G20E);3;4;615830778;18;;Associacao;5;136,00;11;0;0;193
492;Aminoacidos + Electrolitos + Glucose;Clinimix(N14G30E);3;11;688033866;5;;Associacao;4;137,00;7;0;0;193
493;Aminoacidos + Electrolitos + Glucose;Clinimix(N17G35E);11;5;234532319;1;;Associacao;1;89,00;10;0;0;193
494;Aminoacidos + Electrolitos + Glucose;Clinimix(N9G15E);8;0;677848096;5;;Associacao;1;150,00;7;0;0;193
495;Aminoacidos + Electrolitos + Glucose;Clinimix(N9G20E);11;8;105706599;6;;Associacao;2;57,00;7;0;0;193
496;Aminoacidos + Electrolitos + Glucose;Nutriflex Basal;8;2;769853244;11;;Associacao;2;83,00;9;0;0;193
497;Aminoacidos + Electrolitos + Glucose;Nutriflex Peri;13;5;253358909;16;;Associacao;0;115,00;7;0;0;193
498;Aminoacidos + Electrolitos + Glucose;Nutriflex Plus;12;6;677530996;8;;Associacao;6;116,00;8;0;0;193
499;Aminoacidos + Electrolitos + Glucose;Nutriflex Special;9;6;800184895;5;;Associacao;1;47,00;4;0;0;193
500;Aminoacidos + Electrolitos + Glucose;Vamin Glucose;1;11;991115894;3;;Associacao;1;144,00;11;0;0;193
501;Aminoacidos + Electrolitos + Glucose + Lipidos;Kabiven;1;6;22815076;17;;Associacao;4;89,00;8;0;0;78
502;Aminoacidos + Electrolitos + Glucose + Lipidos;Kabiven Peripheral;5;6;543882389;11;;Associacao;3;83,00;12;0;0;78
503;Aminoacidos + Electrolitos + Glucose + Lipidos;NuTRIflex Lipid especial;13;11;660060535;12;;Associacao;2;52,00;13;0;0;78
504;Aminoacidos + Electrolitos + Glucose + Lipidos;NuTRIflex Lipid peri;15;2;323830819;13;;Associacao;6;89,00;1;0;0;78
505;Aminoacidos + Electrolitos + Glucose + Lipidos;NuTRIflex Lipid plus;11;8;554001458;16;;Associacao;4;37,00;8;0;0;78
506;Aminoacidos + Electrolitos + Glucose + Lipidos;Oliclinomel N4-550E;15;6;951978851;4;;Associacao;7;70,00;3;0;0;78
507;Aminoacidos + Electrolitos + Glucose + Lipidos;Oliclinomel N6-900E;6;8;391573065;14;;Associacao;5;141,00;6;0;0;78
508;Aminoacidos + Electrolitos + Glucose + Lipidos;Oliclinomel N7-1000E;6;2;138415787;16;;Associacao;1;120,00;4;0;0;78
509;Aminoacidos + Electrolitos + Glucose + Lipidos;Olimel N5E;12;3;578067340;13;;Associacao;1;118,00;13;0;0;78
510;Aminoacidos + Electrolitos + Glucose + Lipidos;Olimel N7E;2;3;176364418;0;;Associacao;2;121,00;3;0;0;78
511;Aminoacidos + Electrolitos + Glucose + Lipidos;Olimel N9E;6;9;757185921;3;;Associacao;7;52,00;6;0;0;78
512;Aminoacidos + Electrolitos + Glucose + Lipidos;Periolimel N4E;8;11;181847007;13;;Associacao;4;51,00;2;0;0;78
513;Aminoacidos + Electrolitos + Glucose + Lipidos;Smofkabiven Central;10;0;546803342;19;;Associacao;1;121,00;7;0;0;78
514;Aminoacidos + Electrolitos + Glucose + Lipidos;Smofkabiven Peripheral;6;8;778856982;0;;Associacao;6;6,00;2;0;0;78
515;Aminoacidos + Electrolitos + Glucose + Lipidos;StructoKabiven;3;3;169672208;11;;Associacao;4;17,00;5;0;0;78
516;Aminoacidos + Electrolitos + Glucose + Lipidos;StructoKabiven Peripheral;15;4;991956363;11;;Associacao;5;96,00;2;0;0;78
517;Aminoacidos + Electrolitos + Glucose + Lipidos;Vitrimix;1;10;443677259;1;;Associacao;0;123,00;13;0;0;193
518;Aminoacidos + Electrolitos + Lipidos;Nutribraun A-10;10;7;371278891;14;;Associacao;6;112,00;11;0;0;78
519;Aminoacidos + Electrolitos + Lipidos;Nutribraun A-6;7;1;759904758;14;;Associacao;6;30,00;7;0;0;78
520;Aminoacidos + Glucose;Clinimix(N12G20);5;0;246627718;8;;Associacao;1;7,00;9;0;0;193
521;Aminoacidos + Glucose;Clinimix(N14G30);1;7;983951172;13;;Associacao;6;139,00;6;0;0;193
522;Aminoacidos + Glucose;Clinimix(N17G35);12;3;3071584;2;;Associacao;3;127,00;13;0;0;193
523;Aminoacidos + Glucose + Lipidos;Kabimix 1800;14;6;507334618;3;;Associacao;7;114,00;13;0;0;78
524;Aminoacidos + Glucose + Lipidos;Kabimix 2400;7;2;394207082;7;;Associacao;7;76,00;9;0;0;78
525;Aminoacidos + Glucose + Lipidos;Kabimix 3000;1;11;96316196;14;;Associacao;0;30,00;1;0;0;78
526;Aminoacidos + Glucose + Lipidos;NuTRIflex Lipid especial sem electrolitos;8;11;627663073;6;;Associacao;6;15,00;9;0;0;78
527;Aminoacidos + Glucose + Lipidos;NuTRIflex Lipid plus sem electrolitos;14;6;42278270;13;;Associacao;4;2,00;7;0;0;78
528;Aminoacidos + Glucose + Lipidos;Oliclinomel N7-1000;12;5;596867185;3;;Associacao;5;76,00;4;0;0;78
529;Aminoacidos + Glucose + Lipidos;Oliclinomel N8-800;11;0;59829546;8;;Associacao;4;22,00;6;0;0;78
530;Aminoacidos + Glucose + Lipidos;Olimel N7;1;5;229952237;18;;Associacao;6;143,00;2;0;0;78
531;Aminoacidos + Glucose + Lipidos;Olimel N9;11;6;469047675;0;;Associacao;2;74,00;14;0;0;78
532;Aminoacidos + Glucose + Lipidos;Smofkabiven Sem Electrolitos Central;5;5;123974080;0;;Associacao;4;27,00;11;0;0;78
533;Aminoacidos + Glucose + Lipidos;StructoKabiven Sem Electrolitos;7;2;905336021;12;;Associacao;5;86,00;13;0;0;78
534;Amiodarona;Amiodarona Bioportugal 200 mg Comprimidos;14;2;570414621;5;;200 mg;0;4,00;2;1;1;41
535;Amiodarona;Amiodarona Fresenius Kabi 200 mg Comprimidos;8;3;782023156;2;;200 mg;3;94,00;2;1;1;41
536;Amiodarona;Amiodarona GP 200 mg Comprimidos;2;11;171511248;4;;200 mg;3;32,00;2;1;1;41
537;Amiodarona;Amiodarona Generis 200 mg Comprimidos;7;2;160626855;0;;200 mg;0;126,00;2;1;1;41
538;Amiodarona;Amiodarona Germed 200 mg Comprimidos;15;9;188326078;9;;200 mg;1;142,00;2;1;1;41
539;Amiodarona;Amiodarona Hikma;3;5;231306258;11;;50 mg/ml;5;33,00;2;1;1;177
540;Amiodarona;Amiodarona Labesfal 200 mg Comprimidos;13;2;390242120;3;;200 mg;4;5,00;2;1;1;41
541;Amiodarona;Amiodarona Miodrone;3;6;386523047;17;;200 mg;0;110,00;2;1;1;41
542;Amiodarona;Amiodarona Mylan;6;4;723134363;7;;200 mg;1;107,00;2;1;1;41
543;Amiodarona;Corbionax;1;5;515236097;18;;200 mg;7;150,00;2;0;0;41
544;Amiodarona;Cordarone;5;1;812602722;12;;200 mg;4;4,00;2;0;0;41
545;Amiodarona;Cordarone;13;0;724888984;9;;150 mg/3 ml;2;87,00;5;0;0;177
546;Amissulprida;Amissulprida Actavis;3;9;824874587;16;;100 mg;5;111,00;2;1;1;41
547;Amissulprida;Amissulprida Actavis;13;8;856752037;4;;200 mg;2;107,00;2;1;1;41
548;Amissulprida;Amissulprida Actavis;2;6;878996844;12;;50 mg;4;104,00;2;1;1;41
549;Amissulprida;Amissulprida Generis;5;1;858973415;1;;100 mg;2;98,00;2;1;1;41
550;Amissulprida;Amissulprida Generis;12;3;742004022;1;;200 mg;3;1,00;2;1;1;41
551;Amissulprida;Amissulprida Generis;5;2;639999415;16;;50 mg;2;37,00;2;1;1;41
552;Amissulprida;Amissulprida Generis;3;10;730825676;12;;400 mg;7;98,00;2;1;1;56
553;Amissulprida;Amissulprida Mylan;7;2;450129133;0;;100 mg;7;39,00;2;1;1;41
554;Amissulprida;Amissulprida Mylan;5;3;30802369;10;;200 mg;5;92,00;2;1;1;41
555;Amissulprida;Amissulprida Mylan;6;2;688492915;10;;50 mg;7;18,00;2;1;1;41
556;Amissulprida;Amissulprida Mylan;9;9;93975628;19;;400 mg;5;50,00;2;1;1;56
557;Amissulprida;Amissulprida Normon;8;11;714541319;1;;100 mg;3;47,00;2;1;1;56
558;Amissulprida;Amissulprida Normon;15;10;550557143;7;;200 mg;1;96,00;2;1;1;56
559;Amissulprida;Amissulprida Normon;1;10;104290413;1;;400 mg;3;129,00;2;1;1;56
560;Amissulprida;Amissulprida Teva;13;0;710977003;20;;200 mg;2;114,00;2;1;1;41
561;Amissulprida;Amissulprida Teva;13;10;325991678;7;;50 mg;3;98,00;2;1;1;41
562;Amissulprida;Amissulprida Wynn;9;6;34949584;18;;100 mg;3;130,00;2;1;1;41
563;Amissulprida;Amissulprida Wynn;4;10;965364628;6;;200 mg;6;10,00;2;1;1;41
564;Amissulprida;Amissulprida Wynn;15;5;345272112;15;;50 mg;3;118,00;2;1;1;41
565;Amissulprida;Amissulprida Yes;1;2;420472270;7;;100 mg;7;91,00;2;1;1;41
566;Amissulprida;Amissulprida Yes;11;3;525301706;5;;200 mg;2;62,00;2;1;1;41
567;Amissulprida;Amissulprida Yes;8;6;894700075;17;;50 mg;5;109,00;2;1;1;41
568;Amissulprida;Amissulprida Yes;3;2;538579864;13;;400 mg;6;62,00;2;1;1;56
569;Amissulprida;Amitrex;5;9;245857382;20;;100 mg;7;11,00;2;0;0;41
570;Amissulprida;Amitrex;4;3;727638760;15;;200 mg;4;84,00;2;0;0;41
571;Amissulprida;Amitrex;1;9;681354335;10;;50 mg;3;116,00;2;0;0;41
572;Amissulprida;Amitrex;2;10;934737132;16;;400 mg;6;95,00;2;0;0;55
573;Amissulprida;Amitrex;9;9;156431080;17;;100 mg/ml;1;107,00;5;0;0;180
574;Amissulprida;Socian;14;9;471806588;9;;50 mg;2;19,00;2;0;0;41
575;Amissulprida;Socian;1;7;536913655;18;;50 mg/10 ml;6;10,00;9;0;0;180
576;Amitriptilina;Adt;2;4;417375447;9;;10 mg;5;117,00;2;0;0;55
577;Amitriptilina;Adt;1;3;557513650;4;;25 mg;3;136,00;2;0;0;55
578;Amitriptilina;Adt;12;10;253302039;17;;75 mg;4;54,00;2;0;0;55
579;Amitriptilina;Tryptizol;10;1;681043458;17;;10 mg;3;91,00;2;0;0;55
580;Amitriptilina;Tryptizol;12;11;970357116;19;;25 mg;4;119,00;2;0;0;55
581;Amitriptilina;Tryptizol;9;0;360349328;18;;50 mg;0;16,00;2;0;0;55
582;Amitriptilina + Perfenazina;Mutabon D;2;9;256985366;3;;25 mg + 2 mg;7;69,00;2;0;0;55
583;Amitriptilina + Perfenazina;Mutabon F;2;1;336250904;9;;25 mg + 4 mg;3;120,00;2;0;0;55
584;Amitriptilina + Perfenazina;Mutabon M;6;4;702215918;5;;10 mg + 2 mg;3;40,00;2;0;0;55
585;Amlexanox;Aftaid;1;5;337947983;9;;50 mg/g;0;143,00;7;0;0;126
586;Amlodipina;Amlodipina APceuticals;4;1;63449215;20;;10 mg;6;148,00;2;1;1;41
587;Amlodipina;Amlodipina APceuticals;6;8;326139998;15;;5 mg;5;102,00;2;1;1;41
588;Amlodipina;Amlodipina Actavis;10;8;893543211;2;;10 mg;3;111,00;2;1;1;41
589;Amlodipina;Amlodipina Actavis;4;8;581447248;20;;5 mg;6;100,00;2;1;1;41
590;Amlodipina;Amlodipina Alter 10 mg comprimidos;6;9;67538583;8;;10 mg;2;104,00;2;1;1;41
591;Amlodipina;Amlodipina Alter 5 mg comprimidos;13;6;22575746;2;;5 mg;2;50,00;2;1;1;41
592;Amlodipina;Amlodipina Amlocor 10 mg Comprimidos;1;10;550143952;19;;10 mg;4;56,00;2;1;1;41
593;Amlodipina;Amlodipina Amlocor 5 mg Comprimidos;6;6;431014220;15;;5 mg;7;61,00;2;1;1;41
594;Amlodipina;Amlodipina Angenerico 10 mg Comprimidos;6;1;971947564;9;;10 mg;4;39,00;2;1;1;41
595;Amlodipina;Amlodipina Angenerico 5 mg Comprimidos;10;0;990289585;5;;5 mg;2;114,00;2;1;1;41
596;Amlodipina;Amlodipina Arrowblue;13;11;139433611;0;;10 mg;1;54,00;2;1;1;41
597;Amlodipina;Amlodipina Arrowblue;10;4;690703375;6;;5 mg;5;125,00;2;1;1;41
598;Amlodipina;Amlodipina Azevedos;9;10;705449172;5;;10 mg;1;108,00;2;1;1;41
599;Amlodipina;Amlodipina Azevedos;6;6;993957314;11;;5 mg;4;126,00;2;1;1;41
600;Amlodipina;Amlodipina Baldacci 10 mg Comprimidos;1;9;522543109;2;;10 mg;3;43,00;2;1;1;41
601;Amlodipina;Amlodipina Baldacci 5 mg Comprimidos;6;2;21652760;14;;5 mg;7;73,00;2;1;1;41
602;Amlodipina;Amlodipina Basi;11;4;851234894;11;;10 mg;4;122,00;2;1;1;41
603;Amlodipina;Amlodipina Basi;9;8;812126830;1;;5 mg;4;7,00;2;1;1;41
604;Amlodipina;Amlodipina Bluepharma Industria Farmacêutica S.A. 10 mg Comprimidos;5;6;405326909;18;;10 mg;1;77,00;2;1;1;41
605;Amlodipina;Amlodipina Bluepharma Industria Farmacêutica S.A. 5 mg Comprimidos;3;6;449112754;8;;5 mg;6;128,00;2;1;1;41
606;Amlodipina;Amlodipina Cardionox 10 mg Comprimidos;15;1;520220077;14;;10 mg;7;22,00;2;1;1;41
607;Amlodipina;Amlodipina Cardionox 5 mg Comprimidos;5;8;870951270;0;;5 mg;0;128,00;2;1;1;41
608;Amlodipina;Amlodipina Ceamed;11;7;984109904;17;;10 mg;5;70,00;2;1;1;41
609;Amlodipina;Amlodipina Ceamed;12;3;373783058;20;;5 mg;5;90,00;2;1;1;41
610;Amlodipina;Amlodipina Ciclum 10 mg comprimidos;15;4;8008709;19;;10 mg;2;55,00;2;1;1;41
611;Amlodipina;Amlodipina Ciclum 5 mg comprimidos;9;5;957095478;15;;5 mg;3;31,00;2;1;1;41
612;Amlodipina;Amlodipina Cinfa;4;6;791825946;2;;10 mg;7;58,00;2;1;1;41
613;Amlodipina;Amlodipina Cinfa;10;8;301296240;14;;5 mg;0;84,00;2;1;1;41
614;Amlodipina;Amlodipina Dilocea;5;6;494338430;14;;10 mg;3;64,00;2;1;1;41
615;Amlodipina;Amlodipina Dilocea;14;2;317710576;5;;5 mg;3;42,00;2;1;1;41
616;Amlodipina;Amlodipina Drime 10 mg comprimidos;10;3;175468784;18;;10 mg;1;55,00;2;1;1;41
617;Amlodipina;Amlodipina Drime 5 mg Comprimidos;9;6;731144232;13;;5 mg;2;75,00;2;1;1;41
618;Amlodipina;Amlodipina Farmoz 10 mg Comprimidos;7;6;654183676;15;;10 mg;0;96,00;2;1;1;41
619;Amlodipina;Amlodipina Farmoz 5 mg Comprimidos;15;0;174644330;19;;5 mg;7;90,00;2;1;1;41
620;Amlodipina;Amlodipina Freccia;10;0;700505651;15;;10 mg;5;61,00;2;1;1;41
621;Amlodipina;Amlodipina Freccia;5;3;537339624;11;;5 mg;5;41,00;2;1;1;41
622;Amlodipina;Amlodipina Fresenius Kabi 10 mg Comprimidos;5;0;772302483;16;;10 mg;2;26,00;2;1;1;41
623;Amlodipina;Amlodipina Fresenius Kabi 5 mg Comprimidos;8;5;1081317;7;;5 mg;7;33,00;2;1;1;41
624;Amlodipina;Amlodipina GP 10 mg Comprimidos;3;9;768340171;11;;10 mg;4;137,00;2;1;1;41
625;Amlodipina;Amlodipina GP 5 mg Comprimidos;8;2;220049613;9;;5 mg;6;44,00;2;1;1;41
626;Amlodipina;Amlodipina Generis 10 mg Comprimidos;11;11;208338087;19;;10 mg;4;144,00;2;1;1;41
627;Amlodipina;Amlodipina Generis 5 mg Comprimidos;13;3;689198092;10;;5 mg;3;43,00;2;1;1;41
628;Amlodipina;Amlodipina Germed 10 mg Comprimidos;5;7;558417707;6;;10 mg;0;106,00;2;1;1;41
629;Amlodipina;Amlodipina Germed 5 mg Comprimidos;14;11;536263285;6;;5 mg;3;12,00;2;1;1;41
630;Amlodipina;Amlodipina IPCA;7;8;863984976;16;;10 mg;0;92,00;2;1;1;41
631;Amlodipina;Amlodipina IPCA;4;3;493728321;1;;5 mg;0;120,00;2;1;1;41
632;Amlodipina;Amlodipina Ivowen;13;5;900054671;6;;10 mg;1;142,00;2;1;1;41
633;Amlodipina;Amlodipina Ivowen;11;5;156708011;20;;5 mg;1;78,00;2;1;1;41
634;Amlodipina;Amlodipina J. Neves 10 mg comprimidos;15;9;719338819;18;;10 mg;3;51,00;2;1;1;41
635;Amlodipina;Amlodipina J. Neves 5 mg comprimidos;11;11;639413273;7;;5 mg;4;110,00;2;1;1;41
636;Amlodipina;Amlodipina Jaba 10 mg comprimidos;5;9;786831885;17;;10 mg;1;33,00;2;1;1;41
637;Amlodipina;Amlodipina Jaba 5 mg comprimidos;3;11;560061083;19;;5 mg;4;44,00;2;1;1;41
638;Amlodipina;Amlodipina Krka;10;2;30732743;1;;10 mg;1;4,00;2;1;1;41
639;Amlodipina;Amlodipina Krka;8;10;582756509;5;;5 mg;6;3,00;2;1;1;41
640;Amlodipina;Amlodipina Labesfal 10 mg Comprimidos;11;2;98654722;8;;10 mg;2;82,00;2;1;1;41
641;Amlodipina;Amlodipina Labesfal 5 mg Comprimidos;14;5;330071833;3;;5 mg;0;66,00;2;1;1;41
642;Amlodipina;Amlodipina Lareq;8;9;814699096;12;;10 mg;6;4,00;2;1;1;41
643;Amlodipina;Amlodipina Lareq;2;3;2805745;16;;5 mg;5;105,00;2;1;1;41
644;Amlodipina;Amlodipina Mepha 10 mg Comprimidos;3;0;441078775;5;;10 mg;1;134,00;2;1;1;41
645;Amlodipina;Amlodipina Mepha 5 mg Comprimidos;1;5;570839252;16;;5 mg;2;65,00;2;1;1;41
646;Amlodipina;Amlodipina Mibral 10 mg Comprimidos;9;0;958873593;11;;10 mg;7;43,00;2;1;1;41
647;Amlodipina;Amlodipina Mibral 5 mg Comprimidos;10;11;388755266;17;;5 mg;1;99,00;2;1;1;41
648;Amlodipina;Amlodipina Mylan;13;7;115466982;0;;10 mg;4;104,00;2;1;1;41
649;Amlodipina;Amlodipina Mylan;15;8;914565681;6;;5 mg;5;42,00;2;1;1;41
650;Amlodipina;Amlodipina Normon;5;6;9222381;12;;10 mg;6;99,00;2;1;1;41
651;Amlodipina;Amlodipina Normon;14;4;382748939;14;;5 mg;3;41,00;2;1;1;41
652;Amlodipina;Amlodipina Orexene;3;0;654626552;7;;10 mg;3;118,00;2;1;1;41
653;Amlodipina;Amlodipina Orexene;13;8;233599194;13;;5 mg;0;144,00;2;1;1;41
654;Amlodipina;Amlodipina Parke-Davis;4;7;930431715;20;;10 mg;2;145,00;2;1;1;41
655;Amlodipina;Amlodipina Parke-Davis;13;3;835771497;18;;5 mg;6;129,00;2;1;1;41
656;Amlodipina;Amlodipina Pharmakern;11;10;520437980;7;;10 mg;2;72,00;2;1;1;41
657;Amlodipina;Amlodipina Pharmakern;6;10;959936856;17;;5 mg;5;56,00;2;1;1;41
658;Amlodipina;Amlodipina Ranbaxy;5;3;595227067;11;;10 mg;6;100,00;2;1;1;41
659;Amlodipina;Amlodipina Ranbaxy;4;10;763488057;1;;5 mg;1;87,00;2;1;1;41
660;Amlodipina;Amlodipina Ratiopharm;9;5;227830365;3;;10 mg;3;62,00;2;1;1;41
661;Amlodipina;Amlodipina Ratiopharm;12;0;521428845;1;;5 mg;2;37,00;2;1;1;41
662;Amlodipina;Amlodipina Sandoz;7;6;866473266;4;;10 mg;6;131,00;2;1;1;41
663;Amlodipina;Amlodipina Sandoz;14;7;323395557;19;;5 mg;6;43,00;2;1;1;41
664;Amlodipina;Amlodipina Sandoz;10;9;641613314;10;;7.5 mg;0;19,00;2;0;0;41
665;Amlodipina;Amlodipina Sivatca;7;10;54875149;2;;10 mg;1;59,00;2;1;1;41
666;Amlodipina;Amlodipina Sivatca;1;11;957806845;0;;5 mg;5;143,00;2;1;1;41
667;Amlodipina;Amlodipina Stada 10 mg comprimidos;14;4;770483928;2;;10 mg;4;44,00;2;1;1;41
668;Amlodipina;Amlodipina Stada 5 mg comprimidos;10;1;530672908;16;;5 mg;4;139,00;2;1;1;41
669;Amlodipina;Amlodipina Tecnimede 10 mg Comprimidos;15;0;956607000;12;;10 mg;4;112,00;2;1;1;41
670;Amlodipina;Amlodipina Tecnimede 5 mg Comprimidos;4;9;879995481;8;;5 mg;2;120,00;2;1;1;41
671;Amlodipina;Amlodipina Tencemed;10;8;500099683;2;;10 mg;3;124,00;2;1;1;41
672;Amlodipina;Amlodipina Tencemed;5;2;262952889;19;;5 mg;6;147,00;2;1;1;41
673;Amlodipina;Amlodipina Tensiovas 10 mg Comprimidos;2;4;554549555;7;;10 mg;1;3,00;2;1;1;41
674;Amlodipina;Amlodipina Tensiovas 5 mg Comprimidos;4;10;982144129;9;;5 mg;0;111,00;2;1;1;41
675;Amlodipina;Amlodipina Teva;9;1;387317496;18;;10 mg;2;110,00;2;1;1;41
676;Amlodipina;Amlodipina Teva;12;6;775669306;8;;5 mg;6;4,00;2;1;1;41
677;Amlodipina;Amlodipina Tribinex;13;6;834148328;19;;10 mg;0;50,00;2;1;1;41
678;Amlodipina;Amlodipina Tribinex;14;6;814281748;10;;5 mg;2;47,00;2;1;1;41
679;Amlodipina;Amlodipina Vida;2;9;470320710;5;;10 mg;3;71,00;2;1;1;41
680;Amlodipina;Amlodipina Vida;9;7;837170363;20;;5 mg;2;80,00;2;1;1;41
681;Amlodipina;Amlodipina Vir;9;0;768826760;13;;10 mg;1;60,00;2;1;1;41
682;Amlodipina;Amlodipina Vir;8;1;855004998;1;;5 mg;1;94,00;2;1;1;41
683;Amlodipina;Amlodipina Winthrop;2;5;70301680;9;;10 mg;6;125,00;2;1;1;41
684;Amlodipina;Amlodipina Winthrop;4;2;26187935;13;;5 mg;6;25,00;2;1;1;41
685;Amlodipina;Amlodipina Wynn;14;6;15492164;4;;10 mg;3;14,00;2;1;1;41
686;Amlodipina;Amlodipina Wynn;2;8;688490169;19;;5 mg;6;67,00;2;1;1;41
687;Amlodipina;Amlodipina toLife 10 mg Comprimidos;6;4;209076125;13;;10 mg;1;130,00;2;1;1;41
688;Amlodipina;Amlodipina toLife 5 mg Comprimidos;2;1;428017383;6;;5 mg;1;58,00;2;1;1;41
689;Amlodipina;Dolpim;2;9;487362825;0;;10 mg;0;99,00;2;1;1;41
690;Amlodipina;Dolpim;8;4;12490701;7;;5 mg;3;114,00;2;1;1;41
691;Amlodipina;Norvasc;4;3;72225616;19;;10 mg;2;19,00;2;0;0;41
692;Amlodipina;Norvasc;11;4;803933828;5;;5 mg;7;42,00;2;0;0;41
693;Amlodipina;Teufin;2;1;65631891;4;;10 mg;4;83,00;2;0;0;41
694;Amlodipina;Teufin;6;9;936976916;6;;5 mg;3;54,00;2;0;0;41
695;Amlodipina;Vasoplus;7;1;977336226;14;;10 mg;0;38,00;2;0;0;41
696;Amlodipina;Vasoplus;6;7;950097941;19;;5 mg;1;84,00;2;0;0;41
697;Amlodipina + Atorvastatina;Caduet;3;0;302790907;5;;10 mg + 10 mg;0;94,00;2;0;0;56
698;Amlodipina + Atorvastatina;Caduet;4;2;414886302;18;;5 mg + 10 mg;7;123,00;2;0;0;56
699;Amlodipina + Olmesartan medoxomilo;Sevikar;15;5;44917417;15;;10 mg + 40 mg;7;79,00;2;0;0;56
700;Amlodipina + Olmesartan medoxomilo;Sevikar;2;0;670877711;12;;5 mg + 20 mg;2;90,00;2;0;0;56
701;Amlodipina + Olmesartan medoxomilo;Sevikar;4;8;888394051;7;;5 mg + 40 mg;2;97,00;2;0;0;56
702;Amlodipina + Olmesartan medoxomilo;Zolnor;6;10;780269713;14;;10 mg + 40 mg;5;127,00;2;0;0;56
703;Amlodipina + Olmesartan medoxomilo;Zolnor;4;3;690556826;5;;5 mg + 20 mg;7;63,00;2;0;0;56
704;Amlodipina + Olmesartan medoxomilo;Zolnor;5;1;423263073;6;;5 mg + 40 mg;7;17,00;2;0;0;56
705;Amlodipina + Telmisartan;Twynsta;6;5;831019651;14;;10 mg + 40 mg;1;105,00;2;0;0;41
706;Amlodipina + Telmisartan;Twynsta;15;1;410491313;1;;10 mg + 80 mg;0;11,00;2;0;0;41
707;Amlodipina + Telmisartan;Twynsta;8;3;38489344;14;;5 mg + 40 mg;0;150,00;2;0;0;41
708;Amlodipina + Telmisartan;Twynsta;15;0;741763160;5;;5 mg + 80 mg;5;57,00;2;0;0;41
709;Amlodipina + Valsartan;Copalia;14;2;265866173;13;;10 mg + 160 mg;7;112,00;2;0;0;56
710;Amlodipina + Valsartan;Copalia;9;4;554586037;16;;5 mg + 160 mg;4;137,00;2;0;0;56
711;Amlodipina + Valsartan;Copalia;14;6;865782769;15;;5 mg + 80 mg;4;64,00;2;0;0;56
712;Amlodipina + Valsartan;Dafiro;11;5;799886052;13;;10 mg + 160 mg;0;87,00;2;0;0;56
713;Amlodipina + Valsartan;Dafiro;10;10;330635032;12;;5 mg + 160 mg;5;79,00;2;0;0;56
714;Amlodipina + Valsartan;Dafiro;1;8;190011174;1;;5 mg + 80 mg;0;33,00;2;0;0;56
715;Amlodipina + Valsartan;Exforge;1;0;817986673;11;;10 mg + 160 mg;1;118,00;2;0;0;56
716;Amlodipina + Valsartan;Exforge;1;8;532880565;7;;5 mg + 160 mg;7;111,00;2;0;0;56
717;Amlodipina + Valsartan;Exforge;9;11;192337294;9;;5 mg + 80 mg;0;136,00;2;0;0;56
718;Amlodipina + Valsartan;Imprida;7;11;361165435;18;;10 mg + 160 mg;6;125,00;2;0;0;56
719;Amlodipina + Valsartan;Imprida;7;8;792792934;17;;5 mg + 160 mg;7;23,00;2;0;0;56
720;Amlodipina + Valsartan;Imprida;6;9;402060325;1;;5 mg + 80 mg;6;68,00;2;0;0;56
721;Amlodipina + Valsartan + Hidroclorotiazida;Copalia HCT;15;1;971801131;19;;10 mg + 160 mg + 12.5 mg;4;125,00;2;0;0;56
722;Amlodipina + Valsartan + Hidroclorotiazida;Copalia HCT;2;3;171628522;15;;10 mg + 160 mg + 25 mg;5;36,00;2;0;0;56
723;Amlodipina + Valsartan + Hidroclorotiazida;Copalia HCT;7;0;888483109;9;;10 mg + 320 mg + 25 mg;4;113,00;2;0;0;56
724;Amlodipina + Valsartan + Hidroclorotiazida;Copalia HCT;12;5;250813746;17;;5 mg + 160 mg + 12.5 mg;6;6,00;2;0;0;56
725;Amlodipina + Valsartan + Hidroclorotiazida;Copalia HCT;10;8;267889199;17;;5 mg + 160 mg + 25 mg;0;70,00;2;0;0;56
726;Amlodipina + Valsartan + Hidroclorotiazida;Dafiro HCT;15;0;851546237;13;;10 mg + 160 mg + 12.5 mg;7;5,00;2;0;0;56
727;Amlodipina + Valsartan + Hidroclorotiazida;Dafiro HCT;5;8;757614104;5;;10 mg + 160 mg + 25 mg;7;127,00;2;0;0;56
728;Amlodipina + Valsartan + Hidroclorotiazida;Dafiro HCT;12;5;890222098;11;;10 mg + 320 mg + 25 mg;0;72,00;2;0;0;56
729;Amlodipina + Valsartan + Hidroclorotiazida;Dafiro HCT;11;11;634139150;9;;5 mg + 160 mg + 12.5 mg;1;99,00;2;0;0;56
730;Amlodipina + Valsartan + Hidroclorotiazida;Dafiro HCT;13;7;30825470;18;;5 mg + 160 mg + 25 mg;7;95,00;2;0;0;56
731;Amlodipina + Valsartan + Hidroclorotiazida;Exforge HCT;12;6;579592242;0;;10 mg + 160 mg + 12.5 mg;5;134,00;2;0;0;56
732;Amlodipina + Valsartan + Hidroclorotiazida;Exforge HCT;7;3;401492161;15;;10 mg + 160 mg + 25 mg;4;104,00;2;0;0;56
733;Amlodipina + Valsartan + Hidroclorotiazida;Exforge HCT;12;9;313129853;4;;10 mg + 320 mg + 25 mg;6;58,00;2;0;0;56
734;Amlodipina + Valsartan + Hidroclorotiazida;Exforge HCT;13;8;943690329;15;;5 mg + 160 mg + 12.5 mg;4;28,00;2;0;0;56
735;Amlodipina + Valsartan + Hidroclorotiazida;Exforge HCT;9;11;498108668;8;;5 mg + 160 mg + 25 mg;4;64,00;2;0;0;56
736;Amlodipina + Valsartan + Hidroclorotiazida;Imprida HCT;11;8;827379290;8;;10 mg + 160 mg + 12.5 mg;1;98,00;2;0;0;56
737;Amlodipina + Valsartan + Hidroclorotiazida;Imprida HCT;10;6;362535166;14;;10 mg + 160 mg + 25 mg;5;4,00;2;0;0;56
738;Amlodipina + Valsartan + Hidroclorotiazida;Imprida HCT;12;10;189952794;4;;10 mg + 320 mg + 25 mg;4;92,00;2;0;0;56
739;Amlodipina + Valsartan + Hidroclorotiazida;Imprida HCT;3;5;109926419;5;;5 mg + 160 mg + 12.5 mg;3;75,00;2;0;0;56
740;Amlodipina + Valsartan + Hidroclorotiazida;Imprida HCT;13;3;857987061;9;;5 mg + 160 mg + 25 mg;5;117,00;2;0;0;56
741;Amorolfina;Locetar;6;9;91857525;3;;2.5 mg/g;5;28,00;1;0;0;67
742;Amorolfina;Locetar;11;4;669920061;9;;50 mg/ml;5;50,00;5;0;0;214
743;Amorolfina;Sinibal;11;5;79337380;11;;50 mg/ml;4;77,00;1;0;0;214
744;Amoxicilina;Amoxicilina Cinfa;10;2;960268133;7;;500 mg;1;103,00;2;1;1;28
745;Amoxicilina;Amoxicilina Generis;10;9;262237151;16;;1000 mg;7;23,00;2;1;1;55
746;Amoxicilina;Amoxicilina Generis;12;7;543569054;12;;250 mg/5 ml;1;145,00;3;1;1;162
747;Amoxicilina;Amoxicilina Generis;5;1;37247760;9;;500 mg/5 ml;3;120,00;2;1;1;162
748;Amoxicilina;Amoxicilina Generis 500 mg Capsulas;4;9;423845888;10;;500 mg;2;102,00;2;1;1;28
749;Amoxicilina;Amoxicilina Labesfal;4;4;349501338;14;;1000 mg;0;122,00;2;0;0;41
750;Amoxicilina;Amoxicilina Labesfal;4;1;993425434;1;;500 mg;3;14,00;2;0;0;28
751;Amoxicilina;Amoxicilina Labesfal;4;11;114559286;3;;250 mg/5 ml;0;79,00;9;0;0;162
752;Amoxicilina;Amoxicilina Labesfal;11;3;380304627;18;;500 mg/5 ml;3;101,00;11;0;0;162
753;Amoxicilina;Amoxicilina Sandoz;12;9;885768937;12;;1000 mg;0;99,00;2;1;1;47
754;Amoxicilina;Amoxicilina Sandoz 250 mg/5 ml Po para suspensao oral;15;0;969426837;11;;250 mg/5 ml;6;88,00;9;1;1;162
755;Amoxicilina;Amoxicilina Sandoz 500 mg/5 ml Po para suspensao oral;15;5;105404785;15;;500 mg/5 ml;5;11,00;9;1;1;162
756;Amoxicilina;Amoxil;15;6;361863414;20;;1000 mg/20 ml;7;104,00;8;0;0;137
757;Amoxicilina;Amoxil;7;4;895776137;12;;1000 mg/5 ml;6;141,00;14;0;0;137
758;Amoxicilina;Amoxil;4;0;181484054;8;;500 mg/10 ml;1;97,00;11;0;0;137
759;Amoxicilina;Amoxil;3;9;956665836;15;;500 mg/5 ml;0;143,00;1;0;0;137
760;Amoxicilina;Amplamox;8;7;463241043;9;;1000 mg;5;100,00;2;0;0;41
761;Amoxicilina;Amplamox;14;0;637216879;4;;500 mg;2;22,00;2;0;0;28
762;Amoxicilina;Amplamox;14;10;872339117;20;;250 mg/5 ml;0;70,00;12;0;0;162
763;Amoxicilina;Amplamox;1;7;260670624;11;;500 mg/5 ml;4;124,00;8;0;0;162
764;Amoxicilina;Cipamox;7;0;618862524;7;;1000 mg;6;147,00;2;0;0;41
765;Amoxicilina;Cipamox;14;4;843270715;19;;500 mg;2;128,00;2;0;0;28
766;Amoxicilina;Cipamox;1;2;712138805;14;;3000 mg;6;108,00;11;0;0;162
767;Amoxicilina;Cipamox;4;6;202865146;4;;500 mg/5 ml;0;49,00;4;0;0;162
768;Amoxicilina;Clamoxyl;7;0;610369035;15;;1000 mg;5;71,00;2;0;0;47
769;Amoxicilina;Clamoxyl;14;11;338844713;19;;500 mg;1;143,00;2;0;0;28
770;Amoxicilina;Clamoxyl;5;4;916557748;5;;250 mg/5 ml;2;126,00;11;0;0;162
771;Amoxicilina;Clamoxyl;15;9;470055280;7;;500 mg/5 ml;5;33,00;7;0;0;162
772;Amoxicilina;Flemoxin Solutab;4;1;276511449;4;;1000 mg;4;20,00;2;0;0;41
773;Amoxicilina;Flemoxin Solutab;6;9;868274539;16;;500 mg;0;114,00;2;0;0;41
774;Amoxicilina;Moxadent;2;11;761493739;3;;1000 mg;7;103,00;2;0;0;41
775;Amoxicilina;Moxadent;13;2;685671944;11;;500 mg/5 ml;5;3,00;9;0;0;162
776;Amoxicilina;Oraminax;11;6;234410870;11;;1000 mg;2;100,00;2;0;0;41
777;Amoxicilina;Oraminax;2;2;13989177;12;;500 mg;1;148,00;2;0;0;28
778;Amoxicilina;Oraminax;2;6;825313725;3;;250 mg/5 ml;4;115,00;11;0;0;162
779;Amoxicilina;Oraminax;11;0;334638794;17;;500 mg/5 ml;0;7,00;13;0;0;162
780;Amoxicilina;Ospamox 125 mg/5 ml;6;11;625883162;12;;125 mg/5 ml;3;97,00;5;0;0;162
781;Amoxicilina + acido clavulanico;Amoclavam;5;8;222884811;7;;500 mg + 125 mg;7;126,00;2;0;0;55
782;Amoxicilina + acido clavulanico;Amoclavam;4;11;85985859;6;;125 mg/5 ml + 31.25 mg/5 ml;1;42,00;10;0;0;162
783;Amoxicilina + acido clavulanico;Amoclavam Forte;12;0;805981919;11;;250 mg/5 ml + 62.5 mg/5 ml;4;105,00;1;0;0;162
784;Amoxicilina + acido clavulanico;Amoxicilina + acido Clavulanico APS;3;5;554663167;12;;500 mg + 50 mg;6;139,00;10;0;0;155
785;Amoxicilina + acido clavulanico;Amoxicilina + acido Clavulanico Alter;2;7;63013210;10;;500 mg + 125 mg;3;1,00;2;1;1;55
786;Amoxicilina + acido clavulanico;Amoxicilina + acido Clavulanico Artli;8;6;5458895;11;;875 mg + 125 mg;5;140,00;2;1;1;55
787;Amoxicilina + acido clavulanico;Amoxicilina + acido Clavulanico Basi;12;3;768570618;13;;500 mg/10 ml + 100 mg/10 ml;1;10,00;10;1;1;137
788;Amoxicilina + acido clavulanico;Amoxicilina + acido Clavulanico Basi;5;8;886726079;18;;500 mg/10 ml + 50 mg/10 ml;3;67,00;10;1;1;137
789;Amoxicilina + acido clavulanico;Amoxicilina + acido Clavulanico Basi;10;3;876480862;17;;500 mg + 100 mg;1;41,00;4;1;1;155
790;Amoxicilina + acido clavulanico;Amoxicilina + acido Clavulanico Basi;9;5;815104024;10;;1000 mg + 200 mg;2;20,00;7;1;1;156
791;Amoxicilina + acido clavulanico;Amoxicilina + acido Clavulanico Basi;5;3;749722592;6;;500 mg + 50 mg;6;59,00;6;1;1;156
792;Amoxicilina + acido clavulanico;Amoxicilina + acido Clavulanico Basi;10;4;239532968;17;;1000 mg + 100 mg;6;87,00;13;1;1;159
793;Amoxicilina + acido clavulanico;Amoxicilina + acido Clavulanico Basi;14;11;37303179;6;;2000 mg + 200 mg;0;66,00;8;1;1;159
794;Amoxicilina + acido clavulanico;Amoxicilina + acido Clavulanico Biochemie  250 e 62,5 mg;13;6;11172793;19;;250 mg/5 ml + 62.5 mg/5 ml;6;80,00;12;1;1;162
795;Amoxicilina + acido clavulanico;Amoxicilina + acido Clavulanico Biochemie 125 e 31,25 mg;6;7;846983746;1;;125 mg/5 ml + 31.25 mg/5 ml;7;133,00;5;1;1;162
796;Amoxicilina + acido clavulanico;Amoxicilina + acido Clavulanico Bluepharma;12;2;735594844;15;;500 mg + 125 mg;7;114,00;2;1;1;56
797;Amoxicilina + acido clavulanico;Amoxicilina + acido Clavulanico Bluepharma;14;2;787730204;12;;875 mg + 125 mg;4;91,00;2;1;1;56
798;Amoxicilina + acido clavulanico;Amoxicilina + acido Clavulanico Cinfa 875 mg + 125 mg Comprimidos;1;5;981270187;2;;875 mg + 125 mg;6;50,00;2;1;1;55
799;Amoxicilina + acido clavulanico;Amoxicilina + acido Clavulanico Clavepen DT 875 mg+125 mg Comprimidos Revestidos;12;1;515022008;3;;875 mg + 125 mg;4;122,00;2;1;1;55
800;Amoxicilina + acido clavulanico;Amoxicilina + acido Clavulanico Combino;4;6;162486609;18;;1000 mg + 200 mg;0;17,00;6;1;1;156
801;Amoxicilina + acido clavulanico;Amoxicilina + acido Clavulanico Combino;5;0;82695928;0;;500 mg + 50 mg;7;87,00;8;1;1;156
802;Amoxicilina + acido clavulanico;Amoxicilina + acido Clavulanico Combino;12;4;217764059;8;;2000 mg + 200 mg;2;93,00;8;1;1;159
803;Amoxicilina + acido clavulanico;Amoxicilina + acido Clavulanico GP 875 mg + 125 mg Comprimidos;13;2;31943958;4;;875 mg + 125 mg;4;106,00;2;1;1;41
804;Amoxicilina + acido clavulanico;Amoxicilina + acido Clavulanico Generis;2;2;344287053;17;;1000 mg + 200 mg;3;96,00;11;1;1;155
805;Amoxicilina + acido clavulanico;Amoxicilina + acido Clavulanico Generis;15;6;903264659;6;;2000 mg + 200 mg;5;69,00;11;1;1;159
806;Amoxicilina + acido clavulanico;Amoxicilina + acido Clavulanico Generis 50 mg/ml + 12.5 mg/ml Po Suspensao Oral;5;7;894799422;1;;250 mg/5 ml + 62.5 mg/5 ml;7;55,00;7;1;1;162
807;Amoxicilina + acido clavulanico;Amoxicilina + acido Clavulanico Generis 500 mg + 125 mg Comprimidos Revestidos;13;8;181836756;0;;500 mg + 125 mg;2;32,00;2;1;1;56
808;Amoxicilina + acido clavulanico;Amoxicilina + acido Clavulanico Generis 80 mg/ml + 11.4mg/ml Po Suspensao Oral;14;1;252102996;6;;400 mg/5 ml + 57 mg/5 ml;7;1,00;13;1;1;162
809;Amoxicilina + acido clavulanico;Amoxicilina + acido Clavulanico Generis 875 mg + 125 mg Comprimidos Revestidos;6;1;458599557;10;;875 mg + 125 mg;1;110,00;2;1;1;56
810;Amoxicilina + acido clavulanico;Amoxicilina + acido Clavulanico Germed 875 mg + 125 mg comprimidos revestidos;12;9;19198569;10;;875 mg + 125 mg;0;11,00;2;1;1;55
811;Amoxicilina + acido clavulanico;Amoxicilina + acido Clavulanico Hikma 1000 mg + 200 mg Po para sol injectavel;4;8;721508354;15;;1000 mg + 200 mg;5;1,00;14;1;1;155
812;Amoxicilina + acido clavulanico;Amoxicilina + acido Clavulanico Hikma 2000+200 mg Po para Solucao para Perfusao;10;2;882397147;17;;2000 mg + 200 mg;5;1,00;9;1;1;159
813;Amoxicilina + acido clavulanico;Amoxicilina + acido Clavulanico Hikma 25 mg/ml + 6.25 mg/ml  Po Suspensao Oral;4;1;899359486;3;;125 mg/5 ml + 31.25 mg/5 ml;1;148,00;8;1;1;162
814;Amoxicilina + acido clavulanico;Amoxicilina + acido Clavulanico Hikma 50 mg/ml + 12.5 mg/ml Po Suspensao Oral;15;2;929166524;10;;250 mg/5 ml + 62.5 mg/5 ml;4;47,00;7;1;1;162
815;Amoxicilina + acido clavulanico;Amoxicilina + acido Clavulanico Hikma 500 + 125 mg comprimidos revestidos;1;7;251016566;1;;500 mg + 125 mg;7;53,00;2;1;1;55
816;Amoxicilina + acido clavulanico;Amoxicilina + acido Clavulanico Hikma 80 mg/ml + 11.4 mg/ml Po Suspensao Oral;7;8;749490962;15;;400 mg/5 ml + 57 mg/5 ml;0;78,00;4;1;1;162
817;Amoxicilina + acido clavulanico;Amoxicilina + acido Clavulanico Hikma 875 mg + 125 mg comprimidos revestidos;4;6;799646197;9;;875 mg + 125 mg;0;134,00;2;1;1;55
818;Amoxicilina + acido clavulanico;Amoxicilina + acido Clavulanico Jaba 875 mg + 125 mg comprimidos revestidos;8;3;389568294;14;;875 mg + 125 mg;1;57,00;2;1;1;55
819;Amoxicilina + acido clavulanico;Amoxicilina + acido Clavulanico Labesfal 875 mg + 125 mg Comprimidos Revestidos;5;8;747390219;2;;875 mg + 125 mg;0;148,00;2;1;1;55
820;Amoxicilina + acido clavulanico;Amoxicilina + acido Clavulanico Mepha;7;2;785354258;0;;875 mg + 125 mg;3;134,00;2;1;1;56
821;Amoxicilina + acido clavulanico;Amoxicilina + acido Clavulanico Mepha;14;4;929520635;17;;400 mg/5 ml + 57 mg/5 ml;4;4,00;1;1;1;162
822;Amoxicilina + acido clavulanico;Amoxicilina + acido Clavulanico Normon;10;1;538891234;19;;500 mg + 125 mg;7;72,00;2;1;1;56
823;Amoxicilina + acido clavulanico;Amoxicilina + acido Clavulanico Normon;10;1;282959857;19;;875 mg + 125 mg;3;94,00;2;1;1;56
824;Amoxicilina + acido clavulanico;Amoxicilina + acido Clavulanico Pharmakern;11;7;998429540;12;;875 mg + 125 mg;5;80,00;2;1;1;56
825;Amoxicilina + acido clavulanico;Amoxicilina + acido Clavulanico Ranbaxy;15;1;728954342;15;;875 mg + 125 mg;2;129,00;2;1;1;55
826;Amoxicilina + acido clavulanico;Amoxicilina + acido Clavulanico Ratiopharm 400mg/5ml + 57mg/5 ml po p/ susp oral;9;5;40876308;19;;400 mg/5 ml + 57 mg/5 ml;7;138,00;3;1;1;162
827;Amoxicilina + acido clavulanico;Amoxicilina + acido Clavulanico Sandoz;14;11;577939354;8;;400 mg/5 ml + 57 mg/5 ml;6;95,00;13;1;1;162
828;Amoxicilina + acido clavulanico;Amoxicilina + acido Clavulanico Sandoz 125 mg + 31,25 mg/5 ml Po para susp. oral;1;5;817478228;0;;125 mg/5 ml + 31.25 mg/5 ml;0;114,00;8;1;1;162
829;Amoxicilina + acido clavulanico;Amoxicilina + acido Clavulanico Sandoz 250 mg + 62,5 mg/5 ml Po para susp. oral;1;3;316812444;19;;250 mg/5 ml + 62.5 mg/5 ml;5;128,00;9;1;1;162
830;Amoxicilina + acido clavulanico;Amoxicilina + acido Clavulanico Sandoz 500 mg + 125 mg Comprimidos revestidos;7;8;170439901;13;;500 mg + 125 mg;4;23,00;2;1;1;55
831;Amoxicilina + acido clavulanico;Amoxicilina + acido Clavulanico Sandoz 875 mg + 125 mg Comprimidos revestidos;10;0;56219503;7;;875 mg + 125 mg;7;121,00;2;1;1;55
832;Amoxicilina + acido clavulanico;Amoxicilina + acido Clavulanico-Ratiopharm 125 mg e 31,25mg/5 ml, Suspensao Oral;14;5;387637789;4;;125 mg/5 ml + 31.25 mg/5 ml;0;115,00;2;1;1;162
833;Amoxicilina + acido clavulanico;Amoxicilina + acido Clavulanico-Ratiopharm 250 mg e 62,5 mg/5 ml, Suspensao Oral;6;7;589681156;12;;250 mg/5 ml + 62.5 mg/5 ml;3;109,00;4;1;1;162
834;Amoxicilina + acido clavulanico;Amoxicilina + acido Clavulanico-Ratiopharm 500 mg e 125 mg Comprimido Revestido;12;1;850852196;16;;500 mg + 125 mg;1;35,00;2;1;1;55
835;Amoxicilina + acido clavulanico;Amoxicilina + acido clavulanico Actavis;10;7;56982603;6;;875 mg + 125 mg;3;110,00;2;1;1;41
836;Amoxicilina + acido clavulanico;Amoxicilina + acido clavulanico Alter;10;6;278138105;2;;875 mg + 125 mg;2;107,00;2;1;1;56
837;Amoxicilina + acido clavulanico;Amoxicilina + acido clavulanico Aurobindo;6;5;702455036;15;;500 mg + 125 mg;6;144,00;2;1;1;56
838;Amoxicilina + acido clavulanico;Amoxicilina + acido clavulanico Aurobindo;1;10;310980588;0;;875 mg + 125 mg;7;41,00;2;1;1;56
839;Amoxicilina + acido clavulanico;Amoxicilina + acido clavulanico Ciclum 875 mg + 125 mg comprimidos;5;5;490721316;15;;875 mg + 125 mg;6;124,00;2;1;1;41
840;Amoxicilina + acido clavulanico;Amoxicilina + acido clavulanico Mylan;12;3;916075794;20;;875 mg + 125 mg;3;107,00;2;1;1;56
841;Amoxicilina + acido clavulanico;Amoxicilina + acido clavulanico Ratiopharm 875 mg e 125mg comprimidos revestidos;12;6;150133373;10;;875 mg + 125 mg;4;39,00;2;1;1;55
842;Amoxicilina + acido clavulanico;Amoxicilina e acido Clavulanico Irex 500/125 mg Comprimidos Revestidos;8;5;658600946;9;;500 mg + 125 mg;2;50,00;2;1;1;55
843;Amoxicilina + acido clavulanico;Amoxicilina e acido Clavulanico, 1000 mg e 100 mg, Po para Solucao para Perfusao;2;4;481945533;2;;1000 mg + 100 mg;5;112,00;9;1;1;159
844;Amoxicilina + acido clavulanico;Amoxicilina e acido Clavulanico, 1000mg e 200mg, Po e Solvente p/ Solucao Inject;11;9;210864391;7;;1000 mg/20 ml + 200 mg/20 ml;0;65,00;4;1;1;137
845;Amoxicilina + acido clavulanico;Amoxicilina e acido Clavulanico, 2000mg e 200mg, Po Para Solucao Para Perfusao;8;4;503157495;3;;2000 mg + 200 mg;7;105,00;10;1;1;159
846;Amoxicilina + acido clavulanico;Amoxicilina e acido Clavulanico, 500mg e 50mg, Po e Solvente p/ Solucao Inject;1;0;237111562;0;;500 mg/10 ml + 50 mg/10 ml;7;21,00;2;1;1;137
847;Amoxicilina + acido clavulanico;Augmentin;8;9;698055334;6;;500 mg + 125 mg;4;89,00;2;0;0;56
848;Amoxicilina + acido clavulanico;Augmentin;7;2;53386328;20;;125 mg/5 ml + 31.25 mg/5 ml;2;45,00;5;0;0;162
849;Amoxicilina + acido clavulanico;Augmentin Duo;14;1;4458969;18;;400 mg/5 ml + 57 mg/5 ml;4;67,00;5;0;0;162
850;Amoxicilina + acido clavulanico;Augmentin Duo, comprimidos 875/125 mg;11;11;113081791;14;;875 mg + 125 mg;0;48,00;2;0;0;56
851;Amoxicilina + acido clavulanico;Augmentin ES;6;3;961355694;16;;600 mg/5 ml + 42.9 mg/5 ml;4;103,00;12;0;0;162
852;Amoxicilina + acido clavulanico;Augmentin Forte;3;3;886593642;7;;250 mg/5 ml + 62.5 mg/5 ml;4;85,00;5;0;0;162
853;Amoxicilina + acido clavulanico;Betamox;15;7;680389981;9;;500 mg + 125 mg;1;35,00;2;0;0;55
854;Amoxicilina + acido clavulanico;Betamox;12;7;139533829;0;;1000 mg/20 ml + 200 mg/20 ml;3;134,00;10;0;0;137
855;Amoxicilina + acido clavulanico;Betamox;8;2;2296255;14;;500 mg/10 ml + 50 mg/10 ml;3;52,00;9;0;0;137
856;Amoxicilina + acido clavulanico;Betamox;11;7;153901118;4;;1000 mg + 100 mg;0;74,00;12;0;0;159
857;Amoxicilina + acido clavulanico;Betamox;1;10;880590705;0;;2000 mg + 200 mg;6;63,00;11;0;0;159
858;Amoxicilina + acido clavulanico;Betamox;15;1;491643988;18;;125 mg/5 ml + 31.25 mg/5 ml;3;96,00;6;0;0;162
859;Amoxicilina + acido clavulanico;Betamox;2;1;575778706;1;;250 mg/5 ml + 62.5 mg/5 ml;0;128,00;5;1;1;162
860;Amoxicilina + acido clavulanico;Betamox Plus;9;10;228782728;8;;875 mg + 125 mg;0;139,00;2;0;0;55
861;Amoxicilina + acido clavulanico;Betamox Plus 400;3;11;537146395;8;;400 mg/5 ml + 57 mg/5 ml;4;57,00;13;0;0;162
862;Amoxicilina + acido clavulanico;Clavamox 125;2;11;40106421;20;;125 mg/5 ml + 31.25 mg/5 ml;0;103,00;6;0;0;162
863;Amoxicilina + acido clavulanico;Clavamox 250;14;11;218607356;16;;250 mg/5 ml + 62.5 mg/5 ml;0;18,00;13;0;0;162
864;Amoxicilina + acido clavulanico;Clavamox 500;3;4;385416883;3;;500 mg + 125 mg;7;76,00;2;0;0;56
865;Amoxicilina + acido clavulanico;Clavamox DT;14;11;980365314;12;;875 mg + 125 mg;4;110,00;2;0;0;56
866;Amoxicilina + acido clavulanico;Clavamox DT 400;3;5;65558320;3;;400 mg/5 ml + 57 mg/5 ml;2;136,00;14;0;0;162
867;Amoxicilina + acido clavulanico;Clavamox ES;9;5;778652415;18;;600 mg/5 ml + 42.9 mg/5 ml;0;133,00;2;0;0;162
868;Amoxicilina + acido clavulanico;Clavepen;6;1;659570625;9;;500 mg + 125 mg;3;83,00;2;0;0;55
869;Amoxicilina + acido clavulanico;Clavepen;13;1;748184831;16;;1000 mg/20 ml + 200 mg/20 ml;7;133,00;9;0;0;137
870;Amoxicilina + acido clavulanico;Clavepen;12;10;224915601;10;;500 mg/10 ml + 50 mg/10 ml;6;42,00;4;0;0;137
871;Amoxicilina + acido clavulanico;Clavepen;3;8;688571725;18;;1000 mg + 100 mg;7;148,00;6;0;0;159
872;Amoxicilina + acido clavulanico;Clavepen;10;6;80980514;2;;2000 mg + 200 mg;5;121,00;1;0;0;159
873;Amoxicilina + acido clavulanico;Clavepen;2;7;799807642;10;;125 mg/5 ml + 31.25 mg/5 ml;5;16,00;12;0;0;162
874;Amoxicilina + acido clavulanico;Clavepen Forte;1;0;973617660;10;;250 mg/5 ml + 62.5 mg/5 ml;2;2,00;9;0;0;162
875;Amoxicilina + acido clavulanico;Forcid Solutab 875/125;9;4;82881046;10;;875 mg + 125 mg;5;124,00;2;0;0;47
876;Amoxicilina + acido clavulanico;Noprilam;7;11;888379547;4;;500 mg + 125 mg;7;62,00;2;0;0;56
877;Amoxicilina + acido clavulanico;Noprilam;11;6;810673373;5;;125 mg/5 ml + 31.25 mg/5 ml;4;133,00;1;0;0;162
878;Amoxicilina + acido clavulanico;Noprilam;3;6;709403648;8;;250 mg/5 ml + 62.5 mg/5 ml;0;140,00;6;0;0;162
879;Amoxicilina + acido clavulanico;Noprilam DT;3;3;8986521;11;;875 mg + 125 mg;7;59,00;2;0;0;56
880;Amoxicilina + acido clavulanico;Penilan;8;10;176375886;3;;500 mg + 125 mg;0;69,00;2;0;0;56
881;Amoxicilina + acido clavulanico;Penilan;8;7;55932938;2;;125 mg/5 ml + 31.25 mg/5 ml;3;40,00;7;0;0;162
882;Amoxicilina + acido clavulanico;Penilan DT;13;1;341573527;8;;875 mg + 125 mg;4;55,00;2;0;0;56
883;Amoxicilina + acido clavulanico;Penilan Forte;3;9;327609767;4;;250 mg/5 ml + 62.5 mg/5 ml;1;24,00;12;0;0;162
884;Ampicilina;Ampicilina Labesfal;4;9;566023130;0;;1000 mg;2;8,00;11;0;0;155
885;Ampicilina;Ampicilina Labesfal;9;10;732773460;2;;500 mg;2;122,00;11;0;0;155
886;Ampicilina;Hiperbiotico;4;5;98171248;4;;1000 mg;0;7,00;9;0;0;155
887;Ampicilina;Hiperbiotico;2;10;433534202;8;;250 mg;0;72,00;12;0;0;155
888;Ampicilina;Hiperbiotico;5;4;885629606;10;;500 mg;2;78,00;5;0;0;155
889;Ampicilina + Ampicilina benzatinica;Hiperbiotico Retard;11;11;842584495;10;;100 mg/4 ml + 400 mg/4 ml;3;84,00;1;0;0;137
890;Ampicilina + Ampicilina benzatinica;Hiperbiotico Retard;10;11;335432064;14;;200 mg/5 ml + 800 mg/5 ml;1;87,00;12;0;0;137
891;Ampicilina + Ampicilina benzatinica;Hiperbiotico Retard;14;2;997555748;16;;50 mg/3 ml + 200 mg/3 ml;6;106,00;9;0;0;137
892;Anacinra;Kineret;14;4;343622506;11;;100 mg/0.67 ml;5;101,00;10;0;0;177
893;Anagrelida;Xagrid;3;3;437330727;6;;0.5 mg;6;25,00;2;0;0;28
894;Anastrozol;Anacyne;3;6;917862306;17;;1 mg;0;15,00;2;1;1;56
895;Anastrozol;Anastrozol Accord;10;10;943782829;11;;1 mg;7;73,00;2;1;1;56
896;Anastrozol;Anastrozol Actavis;12;3;933222314;10;;1 mg;7;82,00;2;1;1;56
897;Anastrozol;Anastrozol Apotex;7;0;195462989;10;;1 mg;1;109,00;2;1;1;56
898;Anastrozol;Anastrozol Arrowblue;6;11;330158685;3;;1 mg;5;123,00;2;1;1;56
899;Anastrozol;Anastrozol Astoz;2;8;444642973;17;;1 mg;7;10,00;2;1;1;56
900;Anastrozol;Anastrozol Azevedos;11;10;533500605;6;;1 mg;6;37,00;2;1;1;56
901;Anastrozol;Anastrozol DNA Pharma;4;8;752977552;20;;1 mg;7;111,00;2;1;1;56
902;Anastrozol;Anastrozol Farmoz;12;9;848203515;10;;1 mg;7;48,00;2;1;1;56
903;Anastrozol;Anastrozol Generis;13;10;333525186;0;;1 mg;5;146,00;2;1;1;56
904;Anastrozol;Anastrozol Germed;8;6;142488160;13;;1 mg;0;80,00;2;1;1;56
905;Anastrozol;Anastrozol Helm;10;10;981055033;4;;1 mg;0;38,00;2;1;1;56
906;Anastrozol;Anastrozol Hikma;8;1;171935924;2;;1 mg;4;115,00;2;1;1;56
907;Anastrozol;Anastrozol Inventis;8;3;693976650;5;;1 mg;4;30,00;2;1;1;56
908;Anastrozol;Anastrozol Medac;15;9;219300195;12;;1 mg;7;69,00;2;1;1;56
909;Anastrozol;Anastrozol Miko;3;3;30216626;15;;1 mg;3;76,00;2;1;1;56
910;Anastrozol;Anastrozol Mylan;3;3;499496168;0;;1 mg;0;102,00;2;1;1;56
911;Anastrozol;Anastrozol Pharmakern;11;6;923596002;13;;1 mg;5;11,00;2;1;1;56
912;Anastrozol;Anastrozol Ranbaxy;11;3;133881446;16;;1 mg;7;63,00;2;1;1;56
913;Anastrozol;Anastrozol Solufarma;3;7;438437181;15;;1 mg;1;21,00;2;1;1;56
914;Anastrozol;Anastrozol Stada;11;11;244361907;16;;1 mg;5;80,00;2;1;1;56
915;Anastrozol;Anastrozol Teva;10;10;35689324;7;;1 mg;4;125,00;2;1;1;56
916;Anastrozol;Anastrozol Tolife;6;10;355570540;10;;1 mg;7;55,00;2;1;1;56
917;Anastrozol;Anastrozol Tzanolp;12;4;692921912;11;;1 mg;4;6,00;2;1;1;56
918;Anastrozol;Arimidex;3;10;221643493;17;;1 mg;6;46,00;2;0;0;56
919;Anfotericina B;Abelcet;5;1;848934198;15;;5 mg/ml;5;123,00;9;0;0;205
920;Anfotericina B;Ambisome;2;9;280662461;15;;50 mg;4;104,00;10;0;0;159
921;Anfotericina B;Amphocil;12;2;413035830;15;;100 mg;0;121,00;9;0;0;159
922;Anfotericina B;Amphocil;6;9;508877785;20;;50 mg;0;65,00;14;0;0;159
923;Anidulafungina;Ecalta;3;6;66650403;8;;100 mg;2;42,00;11;0;0;136
924;Anidulafungina;Ecalta;3;11;702321766;13;;100 mg;7;96,00;1;0;0;149
925;Antazolina + Nafazolina;Alergiftalmina;9;5;648325624;11;;5 mg/ml + 0.5 mg/ml;0;17,00;5;0;0;39
926;Antitripsina alfa-1;Prolastin;6;11;527219742;13;;1000 mg/40 ml;2;77,00;13;0;0;140
927;Antitrombina III;ATenativ;8;0;585514869;7;;1000 U.I./20 ml;4;29,00;5;0;0;137
928;Antitrombina III;ATenativ;9;0;820380508;2;;1500 U.I./30 ml;3;52,00;1;0;0;137
929;Antitrombina III;ATenativ;5;4;366214328;17;;500 U.I./10 ml;3;32,00;8;0;0;137
930;Antitrombina III;ATryn;8;6;32374315;19;;1750 U.I.;2;70,00;4;0;0;159
931;Antitrombina III;Anbinex;7;8;565048647;10;;1000 U.I./20 ml;5;71,00;2;0;0;137
932;Antitrombina III;Anbinex;15;4;838409652;1;;500 U.I./10 ml;0;87,00;1;0;0;137
933;Antitrombina III;Antitrombina III Baxter;14;9;176056624;18;;1000 U.I./20 ml;4;29,00;2;0;0;137
934;Antitrombina III;Antitrombina III Baxter;8;0;803667623;15;;1500 U.I./30 ml;6;41,00;2;0;0;137
935;Antitrombina III;Antitrombina III Baxter;9;2;610164853;9;;500 U.I./10 ml;0;61,00;6;0;0;137
936;Antitrombina III;Kybernin P;5;0;683461121;20;;1000 U.I./20 ml;1;79,00;10;0;0;137
937;Antitrombina III;Kybernin P;3;10;545082561;20;;500 U.I./10 ml;0;13,00;7;0;0;137
938;Apomorfina;Apo-go Pen;11;0;443548833;12;;10 mg/ml;1;56,00;10;0;0;177
939;Apraclonidina;Iopidine;3;0;832537840;19;;2.5 mg/0.25 ml;2;97,00;5;0;0;39
940;Apraclonidina;Iopidine;15;10;360683325;1;;5 mg/ml;1;27,00;5;0;0;39
941;Aprepitant;Emend;3;0;643480286;3;;(80 mg) + (125 mg);1;103,00;2;0;0;28
942;Aprepitant;Emend;13;6;635589687;19;;125 mg;7;127,00;2;0;0;28
943;Aprepitant;Emend;3;1;736138;6;;40 mg;3;12,00;2;0;0;28
944;Aprepitant;Emend;11;8;479164155;10;;80 mg;5;131,00;2;0;0;28
945;Ar medicinal;Airapy;6;7;671793833;0;;1;0;116,00;10;0;0;82
946;Ar medicinal;Ar medicinal sintetico Praxair;9;4;629049354;10;;21-22.5 %;5;118,00;12;0;0;82
947;Aripiprazol;Abilify;13;6;60460846;5;;10 mg;0;59,00;2;0;0;41
948;Aripiprazol;Abilify;13;8;450696088;7;;15 mg;0;105,00;2;0;0;41
949;Aripiprazol;Abilify;4;1;63239992;6;;30 mg;1;68,00;2;0;0;41
950;Aripiprazol;Abilify;14;8;827771416;1;;5 mg;3;54,00;2;0;0;41
951;Aripiprazol;Abilify;11;5;578585406;11;;10 mg;6;107,00;2;0;0;51
952;Aripiprazol;Abilify;11;5;373636506;18;;15 mg;2;88,00;2;0;0;51
953;Aripiprazol;Abilify;10;1;70759564;5;;30 mg;4;96,00;2;0;0;51
954;Aripiprazol;Abilify;10;0;702451017;12;;5 mg;7;120,00;2;0;0;51
955;Aripiprazol;Abilify;7;7;652502276;17;;7.5 mg/ml;4;29,00;6;0;0;177
956;Aripiprazol;Abilify;12;10;904436629;9;;1 mg/ml;2;105,00;13;0;0;180
957;Artemeter + Lumefantrina;Riamet;6;1;788284984;4;;20 mg + 120 mg;4;14,00;2;0;0;41
958;Artesunato + Mefloquina;Falcitrim;7;2;643330010;8;;(200 mg) + (250 mg);1;48,00;2;0;0;55
959;Articaina + Adrenalina;Articaina + Adrenalina Normon;7;7;718999688;9;;72 mg/1.8 ml + 0.009 mg/1.8 ml;2;112,00;12;1;1;177
960;Articaina + Adrenalina;Articaina + Adrenalina Normon;15;2;858912334;7;;72 mg/1.8 ml + 0.018 mg/1.8 ml;7;41,00;12;1;1;177
961;Articaina + Adrenalina;Articaina + Adrenalina Tanesdot;12;6;863811032;14;;72 mg/1.8 ml + 0.009 mg/1.8 ml;5;19,00;6;1;1;177
962;Articaina + Adrenalina;Articaina + Adrenalina Tanesdot;14;2;575862304;8;;72 mg/1.8 ml + 0.018 mg/1.8 ml;3;148,00;8;1;1;177
963;Articaina + Adrenalina;Artinibsa;12;2;560229954;2;;72 mg/1.8 ml + 0.009 mg/1.8 ml;1;87,00;3;0;0;177
964;Articaina + Adrenalina;Artinibsa;5;10;511137114;13;;72 mg/1.8 ml + 0.018 mg/1.8 ml;2;121,00;14;0;0;177
965;Articaina + Adrenalina;Artinostrum 1:100000;2;7;884452464;3;;72 mg/1.8 ml + 0.033 mg/1.8 ml;0;53,00;9;0;0;177
966;Articaina + Adrenalina;Artinostrum 1:200000;8;7;878697380;5;;72 mg/1.8 ml + 0.017 mg/1.8 ml;6;47,00;13;0;0;177
967;Articaina + Adrenalina;Meganest 1:100.000;5;0;552072534;1;;72 mg/1.8 ml + 0.033 mg/1.8 ml;7;150,00;9;0;0;177
968;Articaina + Adrenalina;Meganest 1:200.000;11;8;578954371;17;;72 mg/1.8 ml + 0.017 mg/1.8 ml;4;91,00;2;0;0;177
969;Articaina + Adrenalina;Septanest 1/100.000;11;7;727802805;4;;68 mg/1.7 ml + 0.031 mg/1.7 ml;6;104,00;6;0;0;177
970;Articaina + Adrenalina;Septanest 1/200.000;10;9;797745841;4;;68 mg/1.7 ml + 0.015 mg/1.7 ml;4;137,00;9;0;0;177
971;Articaina + Adrenalina;Ubistesin 1/100 000;7;7;995893634;5;;68 mg/1.7 ml + 0.017 mg/1.7 ml;2;113,00;9;0;0;177
972;Articaina + Adrenalina;Ubistesin 1/200 000;2;8;217969061;1;;68 mg/1.7 ml + 0.01 mg/1.7 ml;7;45,00;11;0;0;177
973;Asenapina;Sycrest;4;3;187348791;0;;10 mg;4;83,00;8;0;0;58
974;Asenapina;Sycrest;6;10;773097450;2;;5 mg;1;107,00;8;0;0;58
975;Aspartato de arginina;Asparten 5;4;2;81916025;14;;5000 mg/10 ml;0;127,00;6;0;0;180
976;Aspartato de arginina;Bioenergex;6;7;918047011;18;;5000 mg/10 ml;6;114,00;4;0;0;180
977;Aspartato de arginina;Pan-Astenico R;9;8;322616651;10;;5000 mg/10 ml;5;89,00;2;0;0;180
978;Aspartato de arginina;Sargenor;10;2;889935211;17;;500 mg;6;139,00;2;0;0;28
979;Aspartato de arginina;Sargenor;7;8;432013195;1;;1000 mg/10 ml;7;83,00;1;0;0;180
980;Aspartato de arginina;Sargenor 5;11;10;173144067;9;;5000 mg/10 ml;4;70,00;11;0;0;180
981;Aspartato de magnesio;Magnesiocard;7;5;526217069;11;;1229.6 mg;1;81,00;2;0;0;157
982;Aspartato de magnesio;Metabol-Mg;7;10;364738836;14;;1229.6 mg;0;2,00;10;0;0;157
983;Aspartato de magnesio + Aspartato de potassio;Miostenil;5;7;846068953;7;;250 mg + 250 mg;7;51,00;2;0;0;41
984;Aspartato de magnesio + Aspartato de potassio;Polase;7;8;240311641;11;;45 mg/g + 45 mg/g;2;53,00;11;0;0;109
985;Atazanavir;Reyataz;6;9;376829317;3;;100 mg;2;70,00;2;0;0;28
986;Atazanavir;Reyataz;5;5;253939971;11;;150 mg;3;21,00;2;0;0;28
987;Atazanavir;Reyataz;1;7;137882323;20;;200 mg;5;79,00;2;0;0;28
988;Atazanavir;Reyataz;1;9;284746709;12;;300 mg;5;58,00;2;0;0;28
989;Atazanavir;Reyataz;13;10;659603034;5;;50 mg/1.5 g;7;97,00;8;0;0;157
990;Atenolol;Atenolol Alter 100 mg comprimidos;13;6;123465903;9;;100 mg;1;30,00;2;1;1;41
991;Atenolol;Atenolol Alter 50 mg comprimidos;15;8;397079188;3;;50 mg;2;33,00;2;1;1;41
992;Atenolol;Atenolol Azevedos;6;1;740150478;6;;100 mg;7;17,00;2;1;1;56
993;Atenolol;Atenolol Azevedos;3;3;646195480;11;;25 mg;2;111,00;2;1;1;56
994;Atenolol;Atenolol Azevedos;8;8;667638787;16;;50 mg;3;135,00;2;1;1;56
995;Atenolol;Atenolol Bluepharma Industria Farmacêutica S.A. 100 mg Comprimidos;9;2;217344737;5;;100 mg;1;85,00;2;1;1;41
996;Atenolol;Atenolol Bluepharma Industria Farmacêutica S.A. 50 mg Comprimidos;6;10;10263249;1;;50 mg;5;83,00;2;1;1;41
997;Atenolol;Atenolol Bril;10;1;63344839;5;;100 mg;2;38,00;2;1;1;56
998;Atenolol;Atenolol Bril;10;9;230113917;20;;50 mg;5;127,00;2;1;1;56
999;Atenolol;Atenolol Cinfa 100 mg Comprimidos;5;8;877370229;8;;100 mg;3;105,00;2;1;1;41
1000;Atenolol;Atenolol Cinfa 50 mg Comprimidos;8;9;664353640;0;;50 mg;0;19,00;2;1;1;41
